﻿Electoral District Number/Numéro de circonscription,Electoral District Name_English/Nom de circonscription_Anglais,Electoral District Name_French/Nom de circonscription_Français,Polling Station Number/Numéro du bureau de scrutin,Polling Station Name/Nom du bureau de scrutin,Void Poll Indicator/Indicateur de bureau supprimé,No Poll Held Indicator/Indicateur de bureau sans scrutin,Merge With/Fusionné avec,Rejected Ballots for Polling Station/Bulletins rejetés du bureau,Electors for Polling Station/Électeurs du bureau,Candidate’s Family Name/Nom de famille du candidat,Candidate’s Middle Name/Second prénom du candidat,Candidate’s First Name/Prénom du candidat,Political Affiliation Name_English/Appartenance politique_Anglais,Political Affiliation Name_French/Appartenance politique_Français,Incumbent Indicator/Indicateur_Candidat sortant,Elected Candidate Indicator/Indicateur du candidat élu,Candidate Poll Votes Count/Votes du candidat pour le bureau
35088,"Carleton","Carleton"," 1","Gloucester",N,N,"",0,391,"Coyne","","Deborah","Green Party","Parti Vert",N,N,10
35088,"Carleton","Carleton"," 1","Gloucester",N,N,"",0,391,"Larocque","","Kc","NDP-New Democratic Party","NPD-Nouveau Parti démocratique",N,N,16
35088,"Carleton","Carleton"," 1","Gloucester",N,N,"",0,391,"Poilievre","","Pierre","Conservative","Conservateur",N,Y,81
35088,"Carleton","Carleton"," 1","Gloucester",N,N,"",0,391,"Rodgers","","Chris","Liberal","Libéral",N,N,80
35088,"Carleton","Carleton"," 2A","Gloucester",N,N,"",0,359,"Coyne","","Deborah","Green Party","Parti Vert",N,N,3
35088,"Carleton","Carleton"," 2A","Gloucester",N,N,"",0,359,"Larocque","","Kc","NDP-New Democratic Party","NPD-Nouveau Parti démocratique",N,N,16
35088,"Carleton","Carleton"," 2A","Gloucester",N,N,"",0,359,"Poilievre","","Pierre","Conservative","Conservateur",N,Y,42
35088,"Carleton","Carleton"," 2A","Gloucester",N,N,"",0,359,"Rodgers","","Chris","Liberal","Libéral",N,N,136
35088,"Carleton","Carleton"," 2B","Gloucester",N,N,"",0,308,"Coyne","","Deborah","Green Party","Parti Vert",N,N,0
35088,"Carleton","Carleton"," 2B","Gloucester",N,N,"",0,308,"Larocque","","Kc","NDP-New Democratic Party","NPD-Nouveau Parti démocratique",N,N,10
35088,"Carleton","Carleton"," 2B","Gloucester",N,N,"",0,308,"Poilievre","","Pierre","Conservative","Conservateur",N,Y,35
35088,"Carleton","Carleton"," 2B","Gloucester",N,N,"",0,308,"Rodgers","","Chris","Liberal","Libéral",N,N,108
35088,"Carleton","Carleton"," 3","Gloucester",N,N,"",0,495,"Coyne","","Deborah","Green Party","Parti Vert",N,N,4
35088,"Carleton","Carleton"," 3","Gloucester",N,N,"",0,495,"Larocque","","Kc","NDP-New Democratic Party","NPD-Nouveau Parti démocratique",N,N,30
35088,"Carleton","Carleton"," 3","Gloucester",N,N,"",0,495,"Poilievre","","Pierre","Conservative","Conservateur",N,Y,64
35088,"Carleton","Carleton"," 3","Gloucester",N,N,"",0,495,"Rodgers","","Chris","Liberal","Libéral",N,N,179
35088,"Carleton","Carleton"," 4A","Gloucester",N,N,"",0,524,"Coyne","","Deborah","Green Party","Parti Vert",N,N,8
35088,"Carleton","Carleton"," 4A","Gloucester",N,N,"",0,524,"Larocque","","Kc","NDP-New Democratic Party","NPD-Nouveau Parti démocratique",N,N,13
35088,"Carleton","Carleton"," 4A","Gloucester",N,N,"",0,524,"Poilievre","","Pierre","Conservative","Conservateur",N,Y,61
35088,"Carleton","Carleton"," 4A","Gloucester",N,N,"",0,524,"Rodgers","","Chris","Liberal","Libéral",N,N,182
35088,"Carleton","Carleton"," 4B","Gloucester",N,N,"",0,464,"Coyne","","Deborah","Green Party","Parti Vert",N,N,1
35088,"Carleton","Carleton"," 4B","Gloucester",N,N,"",0,464,"Larocque","","Kc","NDP-New Democratic Party","NPD-Nouveau Parti démocratique",N,N,14
35088,"Carleton","Carleton"," 4B","Gloucester",N,N,"",0,464,"Poilievre","","Pierre","Conservative","Conservateur",N,Y,85
35088,"Carleton","Carleton"," 4B","Gloucester",N,N,"",0,464,"Rodgers","","Chris","Liberal","Libéral",N,N,168
35088,"Carleton","Carleton"," 5","Gloucester",N,N,"",0,388,"Coyne","","Deborah","Green Party","Parti Vert",N,N,1
35088,"Carleton","Carleton"," 5","Gloucester",N,N,"",0,388,"Larocque","","Kc","NDP-New Democratic Party","NPD-Nouveau Parti démocratique",N,N,14
35088,"Carleton","Carleton"," 5","Gloucester",N,N,"",0,388,"Poilievre","","Pierre","Conservative","Conservateur",N,Y,66
35088,"Carleton","Carleton"," 5","Gloucester",N,N,"",0,388,"Rodgers","","Chris","Liberal","Libéral",N,N,124
35088,"Carleton","Carleton"," 6","Gloucester",N,N,"",0,383,"Coyne","","Deborah","Green Party","Parti Vert",N,N,8
35088,"Carleton","Carleton"," 6","Gloucester",N,N,"",0,383,"Larocque","","Kc","NDP-New Democratic Party","NPD-Nouveau Parti démocratique",N,N,12
35088,"Carleton","Carleton"," 6","Gloucester",N,N,"",0,383,"Poilievre","","Pierre","Conservative","Conservateur",N,Y,98
35088,"Carleton","Carleton"," 6","Gloucester",N,N,"",0,383,"Rodgers","","Chris","Liberal","Libéral",N,N,58
35088,"Carleton","Carleton"," 7","Gloucester",N,N,"",2,570,"Coyne","","Deborah","Green Party","Parti Vert",N,N,11
35088,"Carleton","Carleton"," 7","Gloucester",N,N,"",2,570,"Larocque","","Kc","NDP-New Democratic Party","NPD-Nouveau Parti démocratique",N,N,9
35088,"Carleton","Carleton"," 7","Gloucester",N,N,"",2,570,"Poilievre","","Pierre","Conservative","Conservateur",N,Y,79
35088,"Carleton","Carleton"," 7","Gloucester",N,N,"",2,570,"Rodgers","","Chris","Liberal","Libéral",N,N,219
35088,"Carleton","Carleton"," 8","Gloucester",N,N,"",2,525,"Coyne","","Deborah","Green Party","Parti Vert",N,N,6
35088,"Carleton","Carleton"," 8","Gloucester",N,N,"",2,525,"Larocque","","Kc","NDP-New Democratic Party","NPD-Nouveau Parti démocratique",N,N,15
35088,"Carleton","Carleton"," 8","Gloucester",N,N,"",2,525,"Poilievre","","Pierre","Conservative","Conservateur",N,Y,94
35088,"Carleton","Carleton"," 8","Gloucester",N,N,"",2,525,"Rodgers","","Chris","Liberal","Libéral",N,N,167
35088,"Carleton","Carleton"," 9","Gloucester",N,N,"",3,399,"Coyne","","Deborah","Green Party","Parti Vert",N,N,14
35088,"Carleton","Carleton"," 9","Gloucester",N,N,"",3,399,"Larocque","","Kc","NDP-New Democratic Party","NPD-Nouveau Parti démocratique",N,N,17
35088,"Carleton","Carleton"," 9","Gloucester",N,N,"",3,399,"Poilievre","","Pierre","Conservative","Conservateur",N,Y,52
35088,"Carleton","Carleton"," 9","Gloucester",N,N,"",3,399,"Rodgers","","Chris","Liberal","Libéral",N,N,136
35088,"Carleton","Carleton"," 10","Gloucester",N,N,"",2,546,"Coyne","","Deborah","Green Party","Parti Vert",N,N,8
35088,"Carleton","Carleton"," 10","Gloucester",N,N,"",2,546,"Larocque","","Kc","NDP-New Democratic Party","NPD-Nouveau Parti démocratique",N,N,22
35088,"Carleton","Carleton"," 10","Gloucester",N,N,"",2,546,"Poilievre","","Pierre","Conservative","Conservateur",N,Y,74
35088,"Carleton","Carleton"," 10","Gloucester",N,N,"",2,546,"Rodgers","","Chris","Liberal","Libéral",N,N,177
35088,"Carleton","Carleton"," 11","Gloucester",N,N,"",0,515,"Coyne","","Deborah","Green Party","Parti Vert",N,N,2
35088,"Carleton","Carleton"," 11","Gloucester",N,N,"",0,515,"Larocque","","Kc","NDP-New Democratic Party","NPD-Nouveau Parti démocratique",N,N,10
35088,"Carleton","Carleton"," 11","Gloucester",N,N,"",0,515,"Poilievre","","Pierre","Conservative","Conservateur",N,Y,68
35088,"Carleton","Carleton"," 11","Gloucester",N,N,"",0,515,"Rodgers","","Chris","Liberal","Libéral",N,N,196
35088,"Carleton","Carleton"," 12","Gloucester",N,N,"",0,388,"Coyne","","Deborah","Green Party","Parti Vert",N,N,3
35088,"Carleton","Carleton"," 12","Gloucester",N,N,"",0,388,"Larocque","","Kc","NDP-New Democratic Party","NPD-Nouveau Parti démocratique",N,N,8
35088,"Carleton","Carleton"," 12","Gloucester",N,N,"",0,388,"Poilievre","","Pierre","Conservative","Conservateur",N,Y,108
35088,"Carleton","Carleton"," 12","Gloucester",N,N,"",0,388,"Rodgers","","Chris","Liberal","Libéral",N,N,68
35088,"Carleton","Carleton"," 13","Gloucester",N,N,"",1,438,"Coyne","","Deborah","Green Party","Parti Vert",N,N,8
35088,"Carleton","Carleton"," 13","Gloucester",N,N,"",1,438,"Larocque","","Kc","NDP-New Democratic Party","NPD-Nouveau Parti démocratique",N,N,22
35088,"Carleton","Carleton"," 13","Gloucester",N,N,"",1,438,"Poilievre","","Pierre","Conservative","Conservateur",N,Y,102
35088,"Carleton","Carleton"," 13","Gloucester",N,N,"",1,438,"Rodgers","","Chris","Liberal","Libéral",N,N,109
35088,"Carleton","Carleton"," 14","Gloucester",N,N,"",3,602,"Coyne","","Deborah","Green Party","Parti Vert",N,N,8
35088,"Carleton","Carleton"," 14","Gloucester",N,N,"",3,602,"Larocque","","Kc","NDP-New Democratic Party","NPD-Nouveau Parti démocratique",N,N,25
35088,"Carleton","Carleton"," 14","Gloucester",N,N,"",3,602,"Poilievre","","Pierre","Conservative","Conservateur",N,Y,122
35088,"Carleton","Carleton"," 14","Gloucester",N,N,"",3,602,"Rodgers","","Chris","Liberal","Libéral",N,N,196
35088,"Carleton","Carleton"," 15","Gloucester",N,N,"",0,468,"Coyne","","Deborah","Green Party","Parti Vert",N,N,3
35088,"Carleton","Carleton"," 15","Gloucester",N,N,"",0,468,"Larocque","","Kc","NDP-New Democratic Party","NPD-Nouveau Parti démocratique",N,N,16
35088,"Carleton","Carleton"," 15","Gloucester",N,N,"",0,468,"Poilievre","","Pierre","Conservative","Conservateur",N,Y,76
35088,"Carleton","Carleton"," 15","Gloucester",N,N,"",0,468,"Rodgers","","Chris","Liberal","Libéral",N,N,156
35088,"Carleton","Carleton"," 16","Gloucester",N,N,"",1,285,"Coyne","","Deborah","Green Party","Parti Vert",N,N,2
35088,"Carleton","Carleton"," 16","Gloucester",N,N,"",1,285,"Larocque","","Kc","NDP-New Democratic Party","NPD-Nouveau Parti démocratique",N,N,7
35088,"Carleton","Carleton"," 16","Gloucester",N,N,"",1,285,"Poilievre","","Pierre","Conservative","Conservateur",N,Y,53
35088,"Carleton","Carleton"," 16","Gloucester",N,N,"",1,285,"Rodgers","","Chris","Liberal","Libéral",N,N,97
35088,"Carleton","Carleton"," 17","Gloucester",N,N,"",0,426,"Coyne","","Deborah","Green Party","Parti Vert",N,N,2
35088,"Carleton","Carleton"," 17","Gloucester",N,N,"",0,426,"Larocque","","Kc","NDP-New Democratic Party","NPD-Nouveau Parti démocratique",N,N,22
35088,"Carleton","Carleton"," 17","Gloucester",N,N,"",0,426,"Poilievre","","Pierre","Conservative","Conservateur",N,Y,75
35088,"Carleton","Carleton"," 17","Gloucester",N,N,"",0,426,"Rodgers","","Chris","Liberal","Libéral",N,N,142
35088,"Carleton","Carleton"," 18","Gloucester",N,N,"",0,417,"Coyne","","Deborah","Green Party","Parti Vert",N,N,7
35088,"Carleton","Carleton"," 18","Gloucester",N,N,"",0,417,"Larocque","","Kc","NDP-New Democratic Party","NPD-Nouveau Parti démocratique",N,N,11
35088,"Carleton","Carleton"," 18","Gloucester",N,N,"",0,417,"Poilievre","","Pierre","Conservative","Conservateur",N,Y,97
35088,"Carleton","Carleton"," 18","Gloucester",N,N,"",0,417,"Rodgers","","Chris","Liberal","Libéral",N,N,127
35088,"Carleton","Carleton"," 19","Gloucester",N,N,"",1,306,"Coyne","","Deborah","Green Party","Parti Vert",N,N,4
35088,"Carleton","Carleton"," 19","Gloucester",N,N,"",1,306,"Larocque","","Kc","NDP-New Democratic Party","NPD-Nouveau Parti démocratique",N,N,6
35088,"Carleton","Carleton"," 19","Gloucester",N,N,"",1,306,"Poilievre","","Pierre","Conservative","Conservateur",N,Y,57
35088,"Carleton","Carleton"," 19","Gloucester",N,N,"",1,306,"Rodgers","","Chris","Liberal","Libéral",N,N,47
35088,"Carleton","Carleton"," 20A","Gloucester",N,N,"",3,467,"Coyne","","Deborah","Green Party","Parti Vert",N,N,2
35088,"Carleton","Carleton"," 20A","Gloucester",N,N,"",3,467,"Larocque","","Kc","NDP-New Democratic Party","NPD-Nouveau Parti démocratique",N,N,26
35088,"Carleton","Carleton"," 20A","Gloucester",N,N,"",3,467,"Poilievre","","Pierre","Conservative","Conservateur",N,Y,78
35088,"Carleton","Carleton"," 20A","Gloucester",N,N,"",3,467,"Rodgers","","Chris","Liberal","Libéral",N,N,153
35088,"Carleton","Carleton"," 20B","Gloucester",N,N,"",0,517,"Coyne","","Deborah","Green Party","Parti Vert",N,N,4
35088,"Carleton","Carleton"," 20B","Gloucester",N,N,"",0,517,"Larocque","","Kc","NDP-New Democratic Party","NPD-Nouveau Parti démocratique",N,N,26
35088,"Carleton","Carleton"," 20B","Gloucester",N,N,"",0,517,"Poilievre","","Pierre","Conservative","Conservateur",N,Y,89
35088,"Carleton","Carleton"," 20B","Gloucester",N,N,"",0,517,"Rodgers","","Chris","Liberal","Libéral",N,N,150
35088,"Carleton","Carleton"," 21","Gloucester",N,N,"",1,557,"Coyne","","Deborah","Green Party","Parti Vert",N,N,11
35088,"Carleton","Carleton"," 21","Gloucester",N,N,"",1,557,"Larocque","","Kc","NDP-New Democratic Party","NPD-Nouveau Parti démocratique",N,N,7
35088,"Carleton","Carleton"," 21","Gloucester",N,N,"",1,557,"Poilievre","","Pierre","Conservative","Conservateur",N,Y,141
35088,"Carleton","Carleton"," 21","Gloucester",N,N,"",1,557,"Rodgers","","Chris","Liberal","Libéral",N,N,136
35088,"Carleton","Carleton"," 22","Gloucester",N,N,"",1,528,"Coyne","","Deborah","Green Party","Parti Vert",N,N,8
35088,"Carleton","Carleton"," 22","Gloucester",N,N,"",1,528,"Larocque","","Kc","NDP-New Democratic Party","NPD-Nouveau Parti démocratique",N,N,24
35088,"Carleton","Carleton"," 22","Gloucester",N,N,"",1,528,"Poilievre","","Pierre","Conservative","Conservateur",N,Y,103
35088,"Carleton","Carleton"," 22","Gloucester",N,N,"",1,528,"Rodgers","","Chris","Liberal","Libéral",N,N,148
35088,"Carleton","Carleton"," 23","Gloucester",N,N,"",3,546,"Coyne","","Deborah","Green Party","Parti Vert",N,N,3
35088,"Carleton","Carleton"," 23","Gloucester",N,N,"",3,546,"Larocque","","Kc","NDP-New Democratic Party","NPD-Nouveau Parti démocratique",N,N,27
35088,"Carleton","Carleton"," 23","Gloucester",N,N,"",3,546,"Poilievre","","Pierre","Conservative","Conservateur",N,Y,91
35088,"Carleton","Carleton"," 23","Gloucester",N,N,"",3,546,"Rodgers","","Chris","Liberal","Libéral",N,N,193
35088,"Carleton","Carleton"," 24","Gloucester",N,N,"",1,451,"Coyne","","Deborah","Green Party","Parti Vert",N,N,9
35088,"Carleton","Carleton"," 24","Gloucester",N,N,"",1,451,"Larocque","","Kc","NDP-New Democratic Party","NPD-Nouveau Parti démocratique",N,N,14
35088,"Carleton","Carleton"," 24","Gloucester",N,N,"",1,451,"Poilievre","","Pierre","Conservative","Conservateur",N,Y,90
35088,"Carleton","Carleton"," 24","Gloucester",N,N,"",1,451,"Rodgers","","Chris","Liberal","Libéral",N,N,140
35088,"Carleton","Carleton"," 25","Gloucester",N,N,"",2,449,"Coyne","","Deborah","Green Party","Parti Vert",N,N,9
35088,"Carleton","Carleton"," 25","Gloucester",N,N,"",2,449,"Larocque","","Kc","NDP-New Democratic Party","NPD-Nouveau Parti démocratique",N,N,24
35088,"Carleton","Carleton"," 25","Gloucester",N,N,"",2,449,"Poilievre","","Pierre","Conservative","Conservateur",N,Y,54
35088,"Carleton","Carleton"," 25","Gloucester",N,N,"",2,449,"Rodgers","","Chris","Liberal","Libéral",N,N,134
35088,"Carleton","Carleton"," 26","Gloucester",N,N,"",0,490,"Coyne","","Deborah","Green Party","Parti Vert",N,N,3
35088,"Carleton","Carleton"," 26","Gloucester",N,N,"",0,490,"Larocque","","Kc","NDP-New Democratic Party","NPD-Nouveau Parti démocratique",N,N,12
35088,"Carleton","Carleton"," 26","Gloucester",N,N,"",0,490,"Poilievre","","Pierre","Conservative","Conservateur",N,Y,105
35088,"Carleton","Carleton"," 26","Gloucester",N,N,"",0,490,"Rodgers","","Chris","Liberal","Libéral",N,N,147
35088,"Carleton","Carleton"," 27","Gloucester",N,N,"",0,445,"Coyne","","Deborah","Green Party","Parti Vert",N,N,5
35088,"Carleton","Carleton"," 27","Gloucester",N,N,"",0,445,"Larocque","","Kc","NDP-New Democratic Party","NPD-Nouveau Parti démocratique",N,N,15
35088,"Carleton","Carleton"," 27","Gloucester",N,N,"",0,445,"Poilievre","","Pierre","Conservative","Conservateur",N,Y,68
35088,"Carleton","Carleton"," 27","Gloucester",N,N,"",0,445,"Rodgers","","Chris","Liberal","Libéral",N,N,133
35088,"Carleton","Carleton"," 28","Gloucester",N,N,"",0,396,"Coyne","","Deborah","Green Party","Parti Vert",N,N,4
35088,"Carleton","Carleton"," 28","Gloucester",N,N,"",0,396,"Larocque","","Kc","NDP-New Democratic Party","NPD-Nouveau Parti démocratique",N,N,6
35088,"Carleton","Carleton"," 28","Gloucester",N,N,"",0,396,"Poilievre","","Pierre","Conservative","Conservateur",N,Y,79
35088,"Carleton","Carleton"," 28","Gloucester",N,N,"",0,396,"Rodgers","","Chris","Liberal","Libéral",N,N,102
35088,"Carleton","Carleton"," 29","Gloucester",N,N,"",0,337,"Coyne","","Deborah","Green Party","Parti Vert",N,N,5
35088,"Carleton","Carleton"," 29","Gloucester",N,N,"",0,337,"Larocque","","Kc","NDP-New Democratic Party","NPD-Nouveau Parti démocratique",N,N,8
35088,"Carleton","Carleton"," 29","Gloucester",N,N,"",0,337,"Poilievre","","Pierre","Conservative","Conservateur",N,Y,58
35088,"Carleton","Carleton"," 29","Gloucester",N,N,"",0,337,"Rodgers","","Chris","Liberal","Libéral",N,N,87
35088,"Carleton","Carleton"," 30","Gloucester",N,N,"",0,408,"Coyne","","Deborah","Green Party","Parti Vert",N,N,9
35088,"Carleton","Carleton"," 30","Gloucester",N,N,"",0,408,"Larocque","","Kc","NDP-New Democratic Party","NPD-Nouveau Parti démocratique",N,N,13
35088,"Carleton","Carleton"," 30","Gloucester",N,N,"",0,408,"Poilievre","","Pierre","Conservative","Conservateur",N,Y,81
35088,"Carleton","Carleton"," 30","Gloucester",N,N,"",0,408,"Rodgers","","Chris","Liberal","Libéral",N,N,117
35088,"Carleton","Carleton"," 31","Gloucester",N,N,"",0,371,"Coyne","","Deborah","Green Party","Parti Vert",N,N,5
35088,"Carleton","Carleton"," 31","Gloucester",N,N,"",0,371,"Larocque","","Kc","NDP-New Democratic Party","NPD-Nouveau Parti démocratique",N,N,5
35088,"Carleton","Carleton"," 31","Gloucester",N,N,"",0,371,"Poilievre","","Pierre","Conservative","Conservateur",N,Y,90
35088,"Carleton","Carleton"," 31","Gloucester",N,N,"",0,371,"Rodgers","","Chris","Liberal","Libéral",N,N,113
35088,"Carleton","Carleton"," 32","Gloucester",N,N,"",2,377,"Coyne","","Deborah","Green Party","Parti Vert",N,N,6
35088,"Carleton","Carleton"," 32","Gloucester",N,N,"",2,377,"Larocque","","Kc","NDP-New Democratic Party","NPD-Nouveau Parti démocratique",N,N,21
35088,"Carleton","Carleton"," 32","Gloucester",N,N,"",2,377,"Poilievre","","Pierre","Conservative","Conservateur",N,Y,73
35088,"Carleton","Carleton"," 32","Gloucester",N,N,"",2,377,"Rodgers","","Chris","Liberal","Libéral",N,N,134
35088,"Carleton","Carleton"," 33","Gloucester",N,N,"",0,361,"Coyne","","Deborah","Green Party","Parti Vert",N,N,3
35088,"Carleton","Carleton"," 33","Gloucester",N,N,"",0,361,"Larocque","","Kc","NDP-New Democratic Party","NPD-Nouveau Parti démocratique",N,N,17
35088,"Carleton","Carleton"," 33","Gloucester",N,N,"",0,361,"Poilievre","","Pierre","Conservative","Conservateur",N,Y,55
35088,"Carleton","Carleton"," 33","Gloucester",N,N,"",0,361,"Rodgers","","Chris","Liberal","Libéral",N,N,115
35088,"Carleton","Carleton"," 34","Rideau",N,N,"",4,404,"Coyne","","Deborah","Green Party","Parti Vert",N,N,8
35088,"Carleton","Carleton"," 34","Rideau",N,N,"",4,404,"Larocque","","Kc","NDP-New Democratic Party","NPD-Nouveau Parti démocratique",N,N,8
35088,"Carleton","Carleton"," 34","Rideau",N,N,"",4,404,"Poilievre","","Pierre","Conservative","Conservateur",N,Y,102
35088,"Carleton","Carleton"," 34","Rideau",N,N,"",4,404,"Rodgers","","Chris","Liberal","Libéral",N,N,130
35088,"Carleton","Carleton"," 35","Rideau",N,N,"",0,420,"Coyne","","Deborah","Green Party","Parti Vert",N,N,8
35088,"Carleton","Carleton"," 35","Rideau",N,N,"",0,420,"Larocque","","Kc","NDP-New Democratic Party","NPD-Nouveau Parti démocratique",N,N,13
35088,"Carleton","Carleton"," 35","Rideau",N,N,"",0,420,"Poilievre","","Pierre","Conservative","Conservateur",N,Y,113
35088,"Carleton","Carleton"," 35","Rideau",N,N,"",0,420,"Rodgers","","Chris","Liberal","Libéral",N,N,119
35088,"Carleton","Carleton"," 36","Rideau",N,N,"",0,439,"Coyne","","Deborah","Green Party","Parti Vert",N,N,10
35088,"Carleton","Carleton"," 36","Rideau",N,N,"",0,439,"Larocque","","Kc","NDP-New Democratic Party","NPD-Nouveau Parti démocratique",N,N,10
35088,"Carleton","Carleton"," 36","Rideau",N,N,"",0,439,"Poilievre","","Pierre","Conservative","Conservateur",N,Y,84
35088,"Carleton","Carleton"," 36","Rideau",N,N,"",0,439,"Rodgers","","Chris","Liberal","Libéral",N,N,185
35088,"Carleton","Carleton"," 37","Rideau",N,N,"",0,426,"Coyne","","Deborah","Green Party","Parti Vert",N,N,16
35088,"Carleton","Carleton"," 37","Rideau",N,N,"",0,426,"Larocque","","Kc","NDP-New Democratic Party","NPD-Nouveau Parti démocratique",N,N,7
35088,"Carleton","Carleton"," 37","Rideau",N,N,"",0,426,"Poilievre","","Pierre","Conservative","Conservateur",N,Y,99
35088,"Carleton","Carleton"," 37","Rideau",N,N,"",0,426,"Rodgers","","Chris","Liberal","Libéral",N,N,108
35088,"Carleton","Carleton"," 38","Rideau",N,N,"",3,426,"Coyne","","Deborah","Green Party","Parti Vert",N,N,7
35088,"Carleton","Carleton"," 38","Rideau",N,N,"",3,426,"Larocque","","Kc","NDP-New Democratic Party","NPD-Nouveau Parti démocratique",N,N,12
35088,"Carleton","Carleton"," 38","Rideau",N,N,"",3,426,"Poilievre","","Pierre","Conservative","Conservateur",N,Y,98
35088,"Carleton","Carleton"," 38","Rideau",N,N,"",3,426,"Rodgers","","Chris","Liberal","Libéral",N,N,103
35088,"Carleton","Carleton"," 39","Rideau",N,N,"",2,436,"Coyne","","Deborah","Green Party","Parti Vert",N,N,4
35088,"Carleton","Carleton"," 39","Rideau",N,N,"",2,436,"Larocque","","Kc","NDP-New Democratic Party","NPD-Nouveau Parti démocratique",N,N,8
35088,"Carleton","Carleton"," 39","Rideau",N,N,"",2,436,"Poilievre","","Pierre","Conservative","Conservateur",N,Y,133
35088,"Carleton","Carleton"," 39","Rideau",N,N,"",2,436,"Rodgers","","Chris","Liberal","Libéral",N,N,114
35088,"Carleton","Carleton"," 40","Rideau",N,N,"",0,389,"Coyne","","Deborah","Green Party","Parti Vert",N,N,6
35088,"Carleton","Carleton"," 40","Rideau",N,N,"",0,389,"Larocque","","Kc","NDP-New Democratic Party","NPD-Nouveau Parti démocratique",N,N,12
35088,"Carleton","Carleton"," 40","Rideau",N,N,"",0,389,"Poilievre","","Pierre","Conservative","Conservateur",N,Y,101
35088,"Carleton","Carleton"," 40","Rideau",N,N,"",0,389,"Rodgers","","Chris","Liberal","Libéral",N,N,118
35088,"Carleton","Carleton"," 41","Rideau",N,N,"",0,445,"Coyne","","Deborah","Green Party","Parti Vert",N,N,11
35088,"Carleton","Carleton"," 41","Rideau",N,N,"",0,445,"Larocque","","Kc","NDP-New Democratic Party","NPD-Nouveau Parti démocratique",N,N,3
35088,"Carleton","Carleton"," 41","Rideau",N,N,"",0,445,"Poilievre","","Pierre","Conservative","Conservateur",N,Y,141
35088,"Carleton","Carleton"," 41","Rideau",N,N,"",0,445,"Rodgers","","Chris","Liberal","Libéral",N,N,90
35088,"Carleton","Carleton"," 42","Rideau",N,N,"",3,390,"Coyne","","Deborah","Green Party","Parti Vert",N,N,10
35088,"Carleton","Carleton"," 42","Rideau",N,N,"",3,390,"Larocque","","Kc","NDP-New Democratic Party","NPD-Nouveau Parti démocratique",N,N,7
35088,"Carleton","Carleton"," 42","Rideau",N,N,"",3,390,"Poilievre","","Pierre","Conservative","Conservateur",N,Y,108
35088,"Carleton","Carleton"," 42","Rideau",N,N,"",3,390,"Rodgers","","Chris","Liberal","Libéral",N,N,94
35088,"Carleton","Carleton"," 43","Osgoode",N,N,"",0,543,"Coyne","","Deborah","Green Party","Parti Vert",N,N,7
35088,"Carleton","Carleton"," 43","Osgoode",N,N,"",0,543,"Larocque","","Kc","NDP-New Democratic Party","NPD-Nouveau Parti démocratique",N,N,14
35088,"Carleton","Carleton"," 43","Osgoode",N,N,"",0,543,"Poilievre","","Pierre","Conservative","Conservateur",N,Y,150
35088,"Carleton","Carleton"," 43","Osgoode",N,N,"",0,543,"Rodgers","","Chris","Liberal","Libéral",N,N,131
35088,"Carleton","Carleton"," 44","Osgoode",N,N,"",0,426,"Coyne","","Deborah","Green Party","Parti Vert",N,N,2
35088,"Carleton","Carleton"," 44","Osgoode",N,N,"",0,426,"Larocque","","Kc","NDP-New Democratic Party","NPD-Nouveau Parti démocratique",N,N,10
35088,"Carleton","Carleton"," 44","Osgoode",N,N,"",0,426,"Poilievre","","Pierre","Conservative","Conservateur",N,Y,135
35088,"Carleton","Carleton"," 44","Osgoode",N,N,"",0,426,"Rodgers","","Chris","Liberal","Libéral",N,N,93
35088,"Carleton","Carleton"," 45","Osgoode",N,N,"",1,433,"Coyne","","Deborah","Green Party","Parti Vert",N,N,9
35088,"Carleton","Carleton"," 45","Osgoode",N,N,"",1,433,"Larocque","","Kc","NDP-New Democratic Party","NPD-Nouveau Parti démocratique",N,N,12
35088,"Carleton","Carleton"," 45","Osgoode",N,N,"",1,433,"Poilievre","","Pierre","Conservative","Conservateur",N,Y,121
35088,"Carleton","Carleton"," 45","Osgoode",N,N,"",1,433,"Rodgers","","Chris","Liberal","Libéral",N,N,108
35088,"Carleton","Carleton"," 46","Osgoode",N,N,"",3,360,"Coyne","","Deborah","Green Party","Parti Vert",N,N,2
35088,"Carleton","Carleton"," 46","Osgoode",N,N,"",3,360,"Larocque","","Kc","NDP-New Democratic Party","NPD-Nouveau Parti démocratique",N,N,19
35088,"Carleton","Carleton"," 46","Osgoode",N,N,"",3,360,"Poilievre","","Pierre","Conservative","Conservateur",N,Y,85
35088,"Carleton","Carleton"," 46","Osgoode",N,N,"",3,360,"Rodgers","","Chris","Liberal","Libéral",N,N,62
35088,"Carleton","Carleton"," 47","Osgoode",N,N,"",0,328,"Coyne","","Deborah","Green Party","Parti Vert",N,N,4
35088,"Carleton","Carleton"," 47","Osgoode",N,N,"",0,328,"Larocque","","Kc","NDP-New Democratic Party","NPD-Nouveau Parti démocratique",N,N,12
35088,"Carleton","Carleton"," 47","Osgoode",N,N,"",0,328,"Poilievre","","Pierre","Conservative","Conservateur",N,Y,65
35088,"Carleton","Carleton"," 47","Osgoode",N,N,"",0,328,"Rodgers","","Chris","Liberal","Libéral",N,N,50
35088,"Carleton","Carleton"," 48","Osgoode",N,N,"",2,445,"Coyne","","Deborah","Green Party","Parti Vert",N,N,15
35088,"Carleton","Carleton"," 48","Osgoode",N,N,"",2,445,"Larocque","","Kc","NDP-New Democratic Party","NPD-Nouveau Parti démocratique",N,N,11
35088,"Carleton","Carleton"," 48","Osgoode",N,N,"",2,445,"Poilievre","","Pierre","Conservative","Conservateur",N,Y,127
35088,"Carleton","Carleton"," 48","Osgoode",N,N,"",2,445,"Rodgers","","Chris","Liberal","Libéral",N,N,100
35088,"Carleton","Carleton"," 49","Osgoode",N,N,"",0,374,"Coyne","","Deborah","Green Party","Parti Vert",N,N,8
35088,"Carleton","Carleton"," 49","Osgoode",N,N,"",0,374,"Larocque","","Kc","NDP-New Democratic Party","NPD-Nouveau Parti démocratique",N,N,12
35088,"Carleton","Carleton"," 49","Osgoode",N,N,"",0,374,"Poilievre","","Pierre","Conservative","Conservateur",N,Y,93
35088,"Carleton","Carleton"," 49","Osgoode",N,N,"",0,374,"Rodgers","","Chris","Liberal","Libéral",N,N,112
35088,"Carleton","Carleton"," 50","Osgoode",N,N,"",1,375,"Coyne","","Deborah","Green Party","Parti Vert",N,N,4
35088,"Carleton","Carleton"," 50","Osgoode",N,N,"",1,375,"Larocque","","Kc","NDP-New Democratic Party","NPD-Nouveau Parti démocratique",N,N,7
35088,"Carleton","Carleton"," 50","Osgoode",N,N,"",1,375,"Poilievre","","Pierre","Conservative","Conservateur",N,Y,95
35088,"Carleton","Carleton"," 50","Osgoode",N,N,"",1,375,"Rodgers","","Chris","Liberal","Libéral",N,N,84
35088,"Carleton","Carleton"," 51","Osgoode",N,N,"",0,399,"Coyne","","Deborah","Green Party","Parti Vert",N,N,6
35088,"Carleton","Carleton"," 51","Osgoode",N,N,"",0,399,"Larocque","","Kc","NDP-New Democratic Party","NPD-Nouveau Parti démocratique",N,N,11
35088,"Carleton","Carleton"," 51","Osgoode",N,N,"",0,399,"Poilievre","","Pierre","Conservative","Conservateur",N,Y,101
35088,"Carleton","Carleton"," 51","Osgoode",N,N,"",0,399,"Rodgers","","Chris","Liberal","Libéral",N,N,109
35088,"Carleton","Carleton"," 52A","Osgoode",N,N,"",1,244,"Coyne","","Deborah","Green Party","Parti Vert",N,N,5
35088,"Carleton","Carleton"," 52A","Osgoode",N,N,"",1,244,"Larocque","","Kc","NDP-New Democratic Party","NPD-Nouveau Parti démocratique",N,N,11
35088,"Carleton","Carleton"," 52A","Osgoode",N,N,"",1,244,"Poilievre","","Pierre","Conservative","Conservateur",N,Y,65
35088,"Carleton","Carleton"," 52A","Osgoode",N,N,"",1,244,"Rodgers","","Chris","Liberal","Libéral",N,N,57
35088,"Carleton","Carleton"," 52B","Osgoode",N,N,"400",0,39,"Coyne","","Deborah","Green Party","Parti Vert",N,N,0
35088,"Carleton","Carleton"," 52B","Osgoode",N,N,"400",0,39,"Larocque","","Kc","NDP-New Democratic Party","NPD-Nouveau Parti démocratique",N,N,0
35088,"Carleton","Carleton"," 52B","Osgoode",N,N,"400",0,39,"Poilievre","","Pierre","Conservative","Conservateur",N,Y,0
35088,"Carleton","Carleton"," 52B","Osgoode",N,N,"400",0,39,"Rodgers","","Chris","Liberal","Libéral",N,N,0
35088,"Carleton","Carleton"," 53","Osgoode",N,N,"",0,465,"Coyne","","Deborah","Green Party","Parti Vert",N,N,6
35088,"Carleton","Carleton"," 53","Osgoode",N,N,"",0,465,"Larocque","","Kc","NDP-New Democratic Party","NPD-Nouveau Parti démocratique",N,N,15
35088,"Carleton","Carleton"," 53","Osgoode",N,N,"",0,465,"Poilievre","","Pierre","Conservative","Conservateur",N,Y,127
35088,"Carleton","Carleton"," 53","Osgoode",N,N,"",0,465,"Rodgers","","Chris","Liberal","Libéral",N,N,104
35088,"Carleton","Carleton"," 54","Osgoode",N,N,"",1,382,"Coyne","","Deborah","Green Party","Parti Vert",N,N,7
35088,"Carleton","Carleton"," 54","Osgoode",N,N,"",1,382,"Larocque","","Kc","NDP-New Democratic Party","NPD-Nouveau Parti démocratique",N,N,5
35088,"Carleton","Carleton"," 54","Osgoode",N,N,"",1,382,"Poilievre","","Pierre","Conservative","Conservateur",N,Y,101
35088,"Carleton","Carleton"," 54","Osgoode",N,N,"",1,382,"Rodgers","","Chris","Liberal","Libéral",N,N,82
35088,"Carleton","Carleton"," 55","Osgoode",N,N,"",1,354,"Coyne","","Deborah","Green Party","Parti Vert",N,N,2
35088,"Carleton","Carleton"," 55","Osgoode",N,N,"",1,354,"Larocque","","Kc","NDP-New Democratic Party","NPD-Nouveau Parti démocratique",N,N,17
35088,"Carleton","Carleton"," 55","Osgoode",N,N,"",1,354,"Poilievre","","Pierre","Conservative","Conservateur",N,Y,118
35088,"Carleton","Carleton"," 55","Osgoode",N,N,"",1,354,"Rodgers","","Chris","Liberal","Libéral",N,N,75
35088,"Carleton","Carleton"," 56","Osgoode",N,N,"",0,435,"Coyne","","Deborah","Green Party","Parti Vert",N,N,11
35088,"Carleton","Carleton"," 56","Osgoode",N,N,"",0,435,"Larocque","","Kc","NDP-New Democratic Party","NPD-Nouveau Parti démocratique",N,N,21
35088,"Carleton","Carleton"," 56","Osgoode",N,N,"",0,435,"Poilievre","","Pierre","Conservative","Conservateur",N,Y,110
35088,"Carleton","Carleton"," 56","Osgoode",N,N,"",0,435,"Rodgers","","Chris","Liberal","Libéral",N,N,81
35088,"Carleton","Carleton"," 57","Osgoode",N,N,"",0,386,"Coyne","","Deborah","Green Party","Parti Vert",N,N,8
35088,"Carleton","Carleton"," 57","Osgoode",N,N,"",0,386,"Larocque","","Kc","NDP-New Democratic Party","NPD-Nouveau Parti démocratique",N,N,13
35088,"Carleton","Carleton"," 57","Osgoode",N,N,"",0,386,"Poilievre","","Pierre","Conservative","Conservateur",N,Y,105
35088,"Carleton","Carleton"," 57","Osgoode",N,N,"",0,386,"Rodgers","","Chris","Liberal","Libéral",N,N,93
35088,"Carleton","Carleton"," 58","Osgoode",N,N,"",1,415,"Coyne","","Deborah","Green Party","Parti Vert",N,N,6
35088,"Carleton","Carleton"," 58","Osgoode",N,N,"",1,415,"Larocque","","Kc","NDP-New Democratic Party","NPD-Nouveau Parti démocratique",N,N,5
35088,"Carleton","Carleton"," 58","Osgoode",N,N,"",1,415,"Poilievre","","Pierre","Conservative","Conservateur",N,Y,84
35088,"Carleton","Carleton"," 58","Osgoode",N,N,"",1,415,"Rodgers","","Chris","Liberal","Libéral",N,N,90
35088,"Carleton","Carleton"," 59","Osgoode",N,N,"",2,392,"Coyne","","Deborah","Green Party","Parti Vert",N,N,7
35088,"Carleton","Carleton"," 59","Osgoode",N,N,"",2,392,"Larocque","","Kc","NDP-New Democratic Party","NPD-Nouveau Parti démocratique",N,N,6
35088,"Carleton","Carleton"," 59","Osgoode",N,N,"",2,392,"Poilievre","","Pierre","Conservative","Conservateur",N,Y,96
35088,"Carleton","Carleton"," 59","Osgoode",N,N,"",2,392,"Rodgers","","Chris","Liberal","Libéral",N,N,103
35088,"Carleton","Carleton"," 60","Osgoode",N,N,"",0,442,"Coyne","","Deborah","Green Party","Parti Vert",N,N,3
35088,"Carleton","Carleton"," 60","Osgoode",N,N,"",0,442,"Larocque","","Kc","NDP-New Democratic Party","NPD-Nouveau Parti démocratique",N,N,13
35088,"Carleton","Carleton"," 60","Osgoode",N,N,"",0,442,"Poilievre","","Pierre","Conservative","Conservateur",N,Y,140
35088,"Carleton","Carleton"," 60","Osgoode",N,N,"",0,442,"Rodgers","","Chris","Liberal","Libéral",N,N,102
35088,"Carleton","Carleton"," 61","Osgoode",N,N,"",0,375,"Coyne","","Deborah","Green Party","Parti Vert",N,N,10
35088,"Carleton","Carleton"," 61","Osgoode",N,N,"",0,375,"Larocque","","Kc","NDP-New Democratic Party","NPD-Nouveau Parti démocratique",N,N,4
35088,"Carleton","Carleton"," 61","Osgoode",N,N,"",0,375,"Poilievre","","Pierre","Conservative","Conservateur",N,Y,102
35088,"Carleton","Carleton"," 61","Osgoode",N,N,"",0,375,"Rodgers","","Chris","Liberal","Libéral",N,N,105
35088,"Carleton","Carleton"," 62","Osgoode",N,N,"",1,358,"Coyne","","Deborah","Green Party","Parti Vert",N,N,6
35088,"Carleton","Carleton"," 62","Osgoode",N,N,"",1,358,"Larocque","","Kc","NDP-New Democratic Party","NPD-Nouveau Parti démocratique",N,N,12
35088,"Carleton","Carleton"," 62","Osgoode",N,N,"",1,358,"Poilievre","","Pierre","Conservative","Conservateur",N,Y,109
35088,"Carleton","Carleton"," 62","Osgoode",N,N,"",1,358,"Rodgers","","Chris","Liberal","Libéral",N,N,83
35088,"Carleton","Carleton"," 63","Osgoode",N,N,"",2,336,"Coyne","","Deborah","Green Party","Parti Vert",N,N,7
35088,"Carleton","Carleton"," 63","Osgoode",N,N,"",2,336,"Larocque","","Kc","NDP-New Democratic Party","NPD-Nouveau Parti démocratique",N,N,15
35088,"Carleton","Carleton"," 63","Osgoode",N,N,"",2,336,"Poilievre","","Pierre","Conservative","Conservateur",N,Y,67
35088,"Carleton","Carleton"," 63","Osgoode",N,N,"",2,336,"Rodgers","","Chris","Liberal","Libéral",N,N,80
35088,"Carleton","Carleton"," 64","Osgoode",N,N,"",2,589,"Coyne","","Deborah","Green Party","Parti Vert",N,N,7
35088,"Carleton","Carleton"," 64","Osgoode",N,N,"",2,589,"Larocque","","Kc","NDP-New Democratic Party","NPD-Nouveau Parti démocratique",N,N,13
35088,"Carleton","Carleton"," 64","Osgoode",N,N,"",2,589,"Poilievre","","Pierre","Conservative","Conservateur",N,Y,175
35088,"Carleton","Carleton"," 64","Osgoode",N,N,"",2,589,"Rodgers","","Chris","Liberal","Libéral",N,N,139
35088,"Carleton","Carleton"," 65","Osgoode",N,N,"",0,434,"Coyne","","Deborah","Green Party","Parti Vert",N,N,10
35088,"Carleton","Carleton"," 65","Osgoode",N,N,"",0,434,"Larocque","","Kc","NDP-New Democratic Party","NPD-Nouveau Parti démocratique",N,N,14
35088,"Carleton","Carleton"," 65","Osgoode",N,N,"",0,434,"Poilievre","","Pierre","Conservative","Conservateur",N,Y,116
35088,"Carleton","Carleton"," 65","Osgoode",N,N,"",0,434,"Rodgers","","Chris","Liberal","Libéral",N,N,94
35088,"Carleton","Carleton"," 66","Osgoode",N,N,"",1,430,"Coyne","","Deborah","Green Party","Parti Vert",N,N,7
35088,"Carleton","Carleton"," 66","Osgoode",N,N,"",1,430,"Larocque","","Kc","NDP-New Democratic Party","NPD-Nouveau Parti démocratique",N,N,19
35088,"Carleton","Carleton"," 66","Osgoode",N,N,"",1,430,"Poilievre","","Pierre","Conservative","Conservateur",N,Y,140
35088,"Carleton","Carleton"," 66","Osgoode",N,N,"",1,430,"Rodgers","","Chris","Liberal","Libéral",N,N,65
35088,"Carleton","Carleton"," 67","Osgoode",N,N,"",0,389,"Coyne","","Deborah","Green Party","Parti Vert",N,N,6
35088,"Carleton","Carleton"," 67","Osgoode",N,N,"",0,389,"Larocque","","Kc","NDP-New Democratic Party","NPD-Nouveau Parti démocratique",N,N,6
35088,"Carleton","Carleton"," 67","Osgoode",N,N,"",0,389,"Poilievre","","Pierre","Conservative","Conservateur",N,Y,108
35088,"Carleton","Carleton"," 67","Osgoode",N,N,"",0,389,"Rodgers","","Chris","Liberal","Libéral",N,N,76
35088,"Carleton","Carleton"," 68","Osgoode",N,N,"",1,434,"Coyne","","Deborah","Green Party","Parti Vert",N,N,7
35088,"Carleton","Carleton"," 68","Osgoode",N,N,"",1,434,"Larocque","","Kc","NDP-New Democratic Party","NPD-Nouveau Parti démocratique",N,N,19
35088,"Carleton","Carleton"," 68","Osgoode",N,N,"",1,434,"Poilievre","","Pierre","Conservative","Conservateur",N,Y,125
35088,"Carleton","Carleton"," 68","Osgoode",N,N,"",1,434,"Rodgers","","Chris","Liberal","Libéral",N,N,79
35088,"Carleton","Carleton"," 69","Osgoode",N,N,"",0,365,"Coyne","","Deborah","Green Party","Parti Vert",N,N,6
35088,"Carleton","Carleton"," 69","Osgoode",N,N,"",0,365,"Larocque","","Kc","NDP-New Democratic Party","NPD-Nouveau Parti démocratique",N,N,9
35088,"Carleton","Carleton"," 69","Osgoode",N,N,"",0,365,"Poilievre","","Pierre","Conservative","Conservateur",N,Y,99
35088,"Carleton","Carleton"," 69","Osgoode",N,N,"",0,365,"Rodgers","","Chris","Liberal","Libéral",N,N,86
35088,"Carleton","Carleton"," 70","Osgoode",N,N,"",0,451,"Coyne","","Deborah","Green Party","Parti Vert",N,N,6
35088,"Carleton","Carleton"," 70","Osgoode",N,N,"",0,451,"Larocque","","Kc","NDP-New Democratic Party","NPD-Nouveau Parti démocratique",N,N,20
35088,"Carleton","Carleton"," 70","Osgoode",N,N,"",0,451,"Poilievre","","Pierre","Conservative","Conservateur",N,Y,168
35088,"Carleton","Carleton"," 70","Osgoode",N,N,"",0,451,"Rodgers","","Chris","Liberal","Libéral",N,N,55
35088,"Carleton","Carleton"," 71","Osgoode",N,N,"",1,349,"Coyne","","Deborah","Green Party","Parti Vert",N,N,8
35088,"Carleton","Carleton"," 71","Osgoode",N,N,"",1,349,"Larocque","","Kc","NDP-New Democratic Party","NPD-Nouveau Parti démocratique",N,N,5
35088,"Carleton","Carleton"," 71","Osgoode",N,N,"",1,349,"Poilievre","","Pierre","Conservative","Conservateur",N,Y,95
35088,"Carleton","Carleton"," 71","Osgoode",N,N,"",1,349,"Rodgers","","Chris","Liberal","Libéral",N,N,78
35088,"Carleton","Carleton"," 72","Osgoode",N,N,"",0,272,"Coyne","","Deborah","Green Party","Parti Vert",N,N,5
35088,"Carleton","Carleton"," 72","Osgoode",N,N,"",0,272,"Larocque","","Kc","NDP-New Democratic Party","NPD-Nouveau Parti démocratique",N,N,9
35088,"Carleton","Carleton"," 72","Osgoode",N,N,"",0,272,"Poilievre","","Pierre","Conservative","Conservateur",N,Y,73
35088,"Carleton","Carleton"," 72","Osgoode",N,N,"",0,272,"Rodgers","","Chris","Liberal","Libéral",N,N,55
35088,"Carleton","Carleton"," 73","Osgoode",N,N,"",0,387,"Coyne","","Deborah","Green Party","Parti Vert",N,N,5
35088,"Carleton","Carleton"," 73","Osgoode",N,N,"",0,387,"Larocque","","Kc","NDP-New Democratic Party","NPD-Nouveau Parti démocratique",N,N,12
35088,"Carleton","Carleton"," 73","Osgoode",N,N,"",0,387,"Poilievre","","Pierre","Conservative","Conservateur",N,Y,131
35088,"Carleton","Carleton"," 73","Osgoode",N,N,"",0,387,"Rodgers","","Chris","Liberal","Libéral",N,N,97
35088,"Carleton","Carleton"," 74","Osgoode",N,N,"",0,374,"Coyne","","Deborah","Green Party","Parti Vert",N,N,7
35088,"Carleton","Carleton"," 74","Osgoode",N,N,"",0,374,"Larocque","","Kc","NDP-New Democratic Party","NPD-Nouveau Parti démocratique",N,N,11
35088,"Carleton","Carleton"," 74","Osgoode",N,N,"",0,374,"Poilievre","","Pierre","Conservative","Conservateur",N,Y,136
35088,"Carleton","Carleton"," 74","Osgoode",N,N,"",0,374,"Rodgers","","Chris","Liberal","Libéral",N,N,72
35088,"Carleton","Carleton"," 75","Osgoode",N,N,"",1,406,"Coyne","","Deborah","Green Party","Parti Vert",N,N,4
35088,"Carleton","Carleton"," 75","Osgoode",N,N,"",1,406,"Larocque","","Kc","NDP-New Democratic Party","NPD-Nouveau Parti démocratique",N,N,6
35088,"Carleton","Carleton"," 75","Osgoode",N,N,"",1,406,"Poilievre","","Pierre","Conservative","Conservateur",N,Y,126
35088,"Carleton","Carleton"," 75","Osgoode",N,N,"",1,406,"Rodgers","","Chris","Liberal","Libéral",N,N,90
35088,"Carleton","Carleton"," 76","Osgoode",N,N,"",3,454,"Coyne","","Deborah","Green Party","Parti Vert",N,N,12
35088,"Carleton","Carleton"," 76","Osgoode",N,N,"",3,454,"Larocque","","Kc","NDP-New Democratic Party","NPD-Nouveau Parti démocratique",N,N,16
35088,"Carleton","Carleton"," 76","Osgoode",N,N,"",3,454,"Poilievre","","Pierre","Conservative","Conservateur",N,Y,179
35088,"Carleton","Carleton"," 76","Osgoode",N,N,"",3,454,"Rodgers","","Chris","Liberal","Libéral",N,N,97
35088,"Carleton","Carleton"," 77","Osgoode",N,N,"",0,428,"Coyne","","Deborah","Green Party","Parti Vert",N,N,9
35088,"Carleton","Carleton"," 77","Osgoode",N,N,"",0,428,"Larocque","","Kc","NDP-New Democratic Party","NPD-Nouveau Parti démocratique",N,N,28
35088,"Carleton","Carleton"," 77","Osgoode",N,N,"",0,428,"Poilievre","","Pierre","Conservative","Conservateur",N,Y,141
35088,"Carleton","Carleton"," 77","Osgoode",N,N,"",0,428,"Rodgers","","Chris","Liberal","Libéral",N,N,72
35088,"Carleton","Carleton"," 78","Osgoode",N,N,"",0,355,"Coyne","","Deborah","Green Party","Parti Vert",N,N,14
35088,"Carleton","Carleton"," 78","Osgoode",N,N,"",0,355,"Larocque","","Kc","NDP-New Democratic Party","NPD-Nouveau Parti démocratique",N,N,6
35088,"Carleton","Carleton"," 78","Osgoode",N,N,"",0,355,"Poilievre","","Pierre","Conservative","Conservateur",N,Y,151
35088,"Carleton","Carleton"," 78","Osgoode",N,N,"",0,355,"Rodgers","","Chris","Liberal","Libéral",N,N,85
35088,"Carleton","Carleton"," 79","Osgoode",N,N,"",0,365,"Coyne","","Deborah","Green Party","Parti Vert",N,N,9
35088,"Carleton","Carleton"," 79","Osgoode",N,N,"",0,365,"Larocque","","Kc","NDP-New Democratic Party","NPD-Nouveau Parti démocratique",N,N,6
35088,"Carleton","Carleton"," 79","Osgoode",N,N,"",0,365,"Poilievre","","Pierre","Conservative","Conservateur",N,Y,162
35088,"Carleton","Carleton"," 79","Osgoode",N,N,"",0,365,"Rodgers","","Chris","Liberal","Libéral",N,N,83
35088,"Carleton","Carleton"," 80","Osgoode",N,N,"",2,360,"Coyne","","Deborah","Green Party","Parti Vert",N,N,7
35088,"Carleton","Carleton"," 80","Osgoode",N,N,"",2,360,"Larocque","","Kc","NDP-New Democratic Party","NPD-Nouveau Parti démocratique",N,N,13
35088,"Carleton","Carleton"," 80","Osgoode",N,N,"",2,360,"Poilievre","","Pierre","Conservative","Conservateur",N,Y,124
35088,"Carleton","Carleton"," 80","Osgoode",N,N,"",2,360,"Rodgers","","Chris","Liberal","Libéral",N,N,90
35088,"Carleton","Carleton"," 81","Osgoode",N,N,"",0,380,"Coyne","","Deborah","Green Party","Parti Vert",N,N,7
35088,"Carleton","Carleton"," 81","Osgoode",N,N,"",0,380,"Larocque","","Kc","NDP-New Democratic Party","NPD-Nouveau Parti démocratique",N,N,11
35088,"Carleton","Carleton"," 81","Osgoode",N,N,"",0,380,"Poilievre","","Pierre","Conservative","Conservateur",N,Y,117
35088,"Carleton","Carleton"," 81","Osgoode",N,N,"",0,380,"Rodgers","","Chris","Liberal","Libéral",N,N,122
35088,"Carleton","Carleton"," 82","Osgoode",N,N,"",0,417,"Coyne","","Deborah","Green Party","Parti Vert",N,N,5
35088,"Carleton","Carleton"," 82","Osgoode",N,N,"",0,417,"Larocque","","Kc","NDP-New Democratic Party","NPD-Nouveau Parti démocratique",N,N,27
35088,"Carleton","Carleton"," 82","Osgoode",N,N,"",0,417,"Poilievre","","Pierre","Conservative","Conservateur",N,Y,135
35088,"Carleton","Carleton"," 82","Osgoode",N,N,"",0,417,"Rodgers","","Chris","Liberal","Libéral",N,N,98
35088,"Carleton","Carleton"," 83","Osgoode",N,N,"",0,396,"Coyne","","Deborah","Green Party","Parti Vert",N,N,9
35088,"Carleton","Carleton"," 83","Osgoode",N,N,"",0,396,"Larocque","","Kc","NDP-New Democratic Party","NPD-Nouveau Parti démocratique",N,N,15
35088,"Carleton","Carleton"," 83","Osgoode",N,N,"",0,396,"Poilievre","","Pierre","Conservative","Conservateur",N,Y,148
35088,"Carleton","Carleton"," 83","Osgoode",N,N,"",0,396,"Rodgers","","Chris","Liberal","Libéral",N,N,99
35088,"Carleton","Carleton"," 84","Osgoode",N,N,"",0,355,"Coyne","","Deborah","Green Party","Parti Vert",N,N,12
35088,"Carleton","Carleton"," 84","Osgoode",N,N,"",0,355,"Larocque","","Kc","NDP-New Democratic Party","NPD-Nouveau Parti démocratique",N,N,16
35088,"Carleton","Carleton"," 84","Osgoode",N,N,"",0,355,"Poilievre","","Pierre","Conservative","Conservateur",N,Y,138
35088,"Carleton","Carleton"," 84","Osgoode",N,N,"",0,355,"Rodgers","","Chris","Liberal","Libéral",N,N,90
35088,"Carleton","Carleton"," 85","Osgoode",N,N,"",0,427,"Coyne","","Deborah","Green Party","Parti Vert",N,N,7
35088,"Carleton","Carleton"," 85","Osgoode",N,N,"",0,427,"Larocque","","Kc","NDP-New Democratic Party","NPD-Nouveau Parti démocratique",N,N,19
35088,"Carleton","Carleton"," 85","Osgoode",N,N,"",0,427,"Poilievre","","Pierre","Conservative","Conservateur",N,Y,166
35088,"Carleton","Carleton"," 85","Osgoode",N,N,"",0,427,"Rodgers","","Chris","Liberal","Libéral",N,N,124
35088,"Carleton","Carleton"," 86","Osgoode",N,N,"",0,419,"Coyne","","Deborah","Green Party","Parti Vert",N,N,12
35088,"Carleton","Carleton"," 86","Osgoode",N,N,"",0,419,"Larocque","","Kc","NDP-New Democratic Party","NPD-Nouveau Parti démocratique",N,N,20
35088,"Carleton","Carleton"," 86","Osgoode",N,N,"",0,419,"Poilievre","","Pierre","Conservative","Conservateur",N,Y,169
35088,"Carleton","Carleton"," 86","Osgoode",N,N,"",0,419,"Rodgers","","Chris","Liberal","Libéral",N,N,104
35088,"Carleton","Carleton"," 87","Rideau",N,N,"",2,463,"Coyne","","Deborah","Green Party","Parti Vert",N,N,16
35088,"Carleton","Carleton"," 87","Rideau",N,N,"",2,463,"Larocque","","Kc","NDP-New Democratic Party","NPD-Nouveau Parti démocratique",N,N,12
35088,"Carleton","Carleton"," 87","Rideau",N,N,"",2,463,"Poilievre","","Pierre","Conservative","Conservateur",N,Y,132
35088,"Carleton","Carleton"," 87","Rideau",N,N,"",2,463,"Rodgers","","Chris","Liberal","Libéral",N,N,112
35088,"Carleton","Carleton"," 88","Rideau",N,N,"",0,456,"Coyne","","Deborah","Green Party","Parti Vert",N,N,4
35088,"Carleton","Carleton"," 88","Rideau",N,N,"",0,456,"Larocque","","Kc","NDP-New Democratic Party","NPD-Nouveau Parti démocratique",N,N,11
35088,"Carleton","Carleton"," 88","Rideau",N,N,"",0,456,"Poilievre","","Pierre","Conservative","Conservateur",N,Y,121
35088,"Carleton","Carleton"," 88","Rideau",N,N,"",0,456,"Rodgers","","Chris","Liberal","Libéral",N,N,110
35088,"Carleton","Carleton"," 89","Rideau",N,N,"",1,478,"Coyne","","Deborah","Green Party","Parti Vert",N,N,10
35088,"Carleton","Carleton"," 89","Rideau",N,N,"",1,478,"Larocque","","Kc","NDP-New Democratic Party","NPD-Nouveau Parti démocratique",N,N,11
35088,"Carleton","Carleton"," 89","Rideau",N,N,"",1,478,"Poilievre","","Pierre","Conservative","Conservateur",N,Y,154
35088,"Carleton","Carleton"," 89","Rideau",N,N,"",1,478,"Rodgers","","Chris","Liberal","Libéral",N,N,146
35088,"Carleton","Carleton"," 90","Rideau",N,N,"",0,273,"Coyne","","Deborah","Green Party","Parti Vert",N,N,9
35088,"Carleton","Carleton"," 90","Rideau",N,N,"",0,273,"Larocque","","Kc","NDP-New Democratic Party","NPD-Nouveau Parti démocratique",N,N,5
35088,"Carleton","Carleton"," 90","Rideau",N,N,"",0,273,"Poilievre","","Pierre","Conservative","Conservateur",N,Y,77
35088,"Carleton","Carleton"," 90","Rideau",N,N,"",0,273,"Rodgers","","Chris","Liberal","Libéral",N,N,83
35088,"Carleton","Carleton"," 91","Rideau",N,N,"",0,371,"Coyne","","Deborah","Green Party","Parti Vert",N,N,5
35088,"Carleton","Carleton"," 91","Rideau",N,N,"",0,371,"Larocque","","Kc","NDP-New Democratic Party","NPD-Nouveau Parti démocratique",N,N,9
35088,"Carleton","Carleton"," 91","Rideau",N,N,"",0,371,"Poilievre","","Pierre","Conservative","Conservateur",N,Y,133
35088,"Carleton","Carleton"," 91","Rideau",N,N,"",0,371,"Rodgers","","Chris","Liberal","Libéral",N,N,89
35088,"Carleton","Carleton"," 92","Rideau",N,N,"",0,351,"Coyne","","Deborah","Green Party","Parti Vert",N,N,6
35088,"Carleton","Carleton"," 92","Rideau",N,N,"",0,351,"Larocque","","Kc","NDP-New Democratic Party","NPD-Nouveau Parti démocratique",N,N,7
35088,"Carleton","Carleton"," 92","Rideau",N,N,"",0,351,"Poilievre","","Pierre","Conservative","Conservateur",N,Y,96
35088,"Carleton","Carleton"," 92","Rideau",N,N,"",0,351,"Rodgers","","Chris","Liberal","Libéral",N,N,61
35088,"Carleton","Carleton"," 93","Rideau",N,N,"",0,364,"Coyne","","Deborah","Green Party","Parti Vert",N,N,7
35088,"Carleton","Carleton"," 93","Rideau",N,N,"",0,364,"Larocque","","Kc","NDP-New Democratic Party","NPD-Nouveau Parti démocratique",N,N,11
35088,"Carleton","Carleton"," 93","Rideau",N,N,"",0,364,"Poilievre","","Pierre","Conservative","Conservateur",N,Y,111
35088,"Carleton","Carleton"," 93","Rideau",N,N,"",0,364,"Rodgers","","Chris","Liberal","Libéral",N,N,54
35088,"Carleton","Carleton"," 94","Goulbourn",N,N,"",0,393,"Coyne","","Deborah","Green Party","Parti Vert",N,N,8
35088,"Carleton","Carleton"," 94","Goulbourn",N,N,"",0,393,"Larocque","","Kc","NDP-New Democratic Party","NPD-Nouveau Parti démocratique",N,N,15
35088,"Carleton","Carleton"," 94","Goulbourn",N,N,"",0,393,"Poilievre","","Pierre","Conservative","Conservateur",N,Y,123
35088,"Carleton","Carleton"," 94","Goulbourn",N,N,"",0,393,"Rodgers","","Chris","Liberal","Libéral",N,N,85
35088,"Carleton","Carleton"," 95","Goulbourn",N,N,"",1,408,"Coyne","","Deborah","Green Party","Parti Vert",N,N,14
35088,"Carleton","Carleton"," 95","Goulbourn",N,N,"",1,408,"Larocque","","Kc","NDP-New Democratic Party","NPD-Nouveau Parti démocratique",N,N,13
35088,"Carleton","Carleton"," 95","Goulbourn",N,N,"",1,408,"Poilievre","","Pierre","Conservative","Conservateur",N,Y,108
35088,"Carleton","Carleton"," 95","Goulbourn",N,N,"",1,408,"Rodgers","","Chris","Liberal","Libéral",N,N,95
35088,"Carleton","Carleton"," 96","Goulbourn",N,N,"",0,426,"Coyne","","Deborah","Green Party","Parti Vert",N,N,16
35088,"Carleton","Carleton"," 96","Goulbourn",N,N,"",0,426,"Larocque","","Kc","NDP-New Democratic Party","NPD-Nouveau Parti démocratique",N,N,17
35088,"Carleton","Carleton"," 96","Goulbourn",N,N,"",0,426,"Poilievre","","Pierre","Conservative","Conservateur",N,Y,152
35088,"Carleton","Carleton"," 96","Goulbourn",N,N,"",0,426,"Rodgers","","Chris","Liberal","Libéral",N,N,126
35088,"Carleton","Carleton"," 97","Goulbourn",N,N,"",0,409,"Coyne","","Deborah","Green Party","Parti Vert",N,N,11
35088,"Carleton","Carleton"," 97","Goulbourn",N,N,"",0,409,"Larocque","","Kc","NDP-New Democratic Party","NPD-Nouveau Parti démocratique",N,N,11
35088,"Carleton","Carleton"," 97","Goulbourn",N,N,"",0,409,"Poilievre","","Pierre","Conservative","Conservateur",N,Y,155
35088,"Carleton","Carleton"," 97","Goulbourn",N,N,"",0,409,"Rodgers","","Chris","Liberal","Libéral",N,N,100
35088,"Carleton","Carleton"," 98","Goulbourn",N,N,"",0,405,"Coyne","","Deborah","Green Party","Parti Vert",N,N,5
35088,"Carleton","Carleton"," 98","Goulbourn",N,N,"",0,405,"Larocque","","Kc","NDP-New Democratic Party","NPD-Nouveau Parti démocratique",N,N,16
35088,"Carleton","Carleton"," 98","Goulbourn",N,N,"",0,405,"Poilievre","","Pierre","Conservative","Conservateur",N,Y,124
35088,"Carleton","Carleton"," 98","Goulbourn",N,N,"",0,405,"Rodgers","","Chris","Liberal","Libéral",N,N,123
35088,"Carleton","Carleton"," 99","Goulbourn",N,N,"",1,451,"Coyne","","Deborah","Green Party","Parti Vert",N,N,7
35088,"Carleton","Carleton"," 99","Goulbourn",N,N,"",1,451,"Larocque","","Kc","NDP-New Democratic Party","NPD-Nouveau Parti démocratique",N,N,13
35088,"Carleton","Carleton"," 99","Goulbourn",N,N,"",1,451,"Poilievre","","Pierre","Conservative","Conservateur",N,Y,145
35088,"Carleton","Carleton"," 99","Goulbourn",N,N,"",1,451,"Rodgers","","Chris","Liberal","Libéral",N,N,95
35088,"Carleton","Carleton"," 100","Goulbourn",N,N,"",0,455,"Coyne","","Deborah","Green Party","Parti Vert",N,N,6
35088,"Carleton","Carleton"," 100","Goulbourn",N,N,"",0,455,"Larocque","","Kc","NDP-New Democratic Party","NPD-Nouveau Parti démocratique",N,N,15
35088,"Carleton","Carleton"," 100","Goulbourn",N,N,"",0,455,"Poilievre","","Pierre","Conservative","Conservateur",N,Y,160
35088,"Carleton","Carleton"," 100","Goulbourn",N,N,"",0,455,"Rodgers","","Chris","Liberal","Libéral",N,N,130
35088,"Carleton","Carleton"," 101","Goulbourn",N,N,"",1,432,"Coyne","","Deborah","Green Party","Parti Vert",N,N,16
35088,"Carleton","Carleton"," 101","Goulbourn",N,N,"",1,432,"Larocque","","Kc","NDP-New Democratic Party","NPD-Nouveau Parti démocratique",N,N,16
35088,"Carleton","Carleton"," 101","Goulbourn",N,N,"",1,432,"Poilievre","","Pierre","Conservative","Conservateur",N,Y,124
35088,"Carleton","Carleton"," 101","Goulbourn",N,N,"",1,432,"Rodgers","","Chris","Liberal","Libéral",N,N,84
35088,"Carleton","Carleton"," 102","Goulbourn",N,N,"",0,450,"Coyne","","Deborah","Green Party","Parti Vert",N,N,10
35088,"Carleton","Carleton"," 102","Goulbourn",N,N,"",0,450,"Larocque","","Kc","NDP-New Democratic Party","NPD-Nouveau Parti démocratique",N,N,16
35088,"Carleton","Carleton"," 102","Goulbourn",N,N,"",0,450,"Poilievre","","Pierre","Conservative","Conservateur",N,Y,129
35088,"Carleton","Carleton"," 102","Goulbourn",N,N,"",0,450,"Rodgers","","Chris","Liberal","Libéral",N,N,124
35088,"Carleton","Carleton"," 103","Goulbourn",N,N,"",0,395,"Coyne","","Deborah","Green Party","Parti Vert",N,N,7
35088,"Carleton","Carleton"," 103","Goulbourn",N,N,"",0,395,"Larocque","","Kc","NDP-New Democratic Party","NPD-Nouveau Parti démocratique",N,N,7
35088,"Carleton","Carleton"," 103","Goulbourn",N,N,"",0,395,"Poilievre","","Pierre","Conservative","Conservateur",N,Y,133
35088,"Carleton","Carleton"," 103","Goulbourn",N,N,"",0,395,"Rodgers","","Chris","Liberal","Libéral",N,N,65
35088,"Carleton","Carleton"," 104","Goulbourn",N,N,"",0,398,"Coyne","","Deborah","Green Party","Parti Vert",N,N,1
35088,"Carleton","Carleton"," 104","Goulbourn",N,N,"",0,398,"Larocque","","Kc","NDP-New Democratic Party","NPD-Nouveau Parti démocratique",N,N,21
35088,"Carleton","Carleton"," 104","Goulbourn",N,N,"",0,398,"Poilievre","","Pierre","Conservative","Conservateur",N,Y,76
35088,"Carleton","Carleton"," 104","Goulbourn",N,N,"",0,398,"Rodgers","","Chris","Liberal","Libéral",N,N,131
35088,"Carleton","Carleton"," 105","Goulbourn",N,N,"",1,429,"Coyne","","Deborah","Green Party","Parti Vert",N,N,4
35088,"Carleton","Carleton"," 105","Goulbourn",N,N,"",1,429,"Larocque","","Kc","NDP-New Democratic Party","NPD-Nouveau Parti démocratique",N,N,22
35088,"Carleton","Carleton"," 105","Goulbourn",N,N,"",1,429,"Poilievre","","Pierre","Conservative","Conservateur",N,Y,86
35088,"Carleton","Carleton"," 105","Goulbourn",N,N,"",1,429,"Rodgers","","Chris","Liberal","Libéral",N,N,123
35088,"Carleton","Carleton"," 106","Goulbourn",N,N,"",2,509,"Coyne","","Deborah","Green Party","Parti Vert",N,N,4
35088,"Carleton","Carleton"," 106","Goulbourn",N,N,"",2,509,"Larocque","","Kc","NDP-New Democratic Party","NPD-Nouveau Parti démocratique",N,N,22
35088,"Carleton","Carleton"," 106","Goulbourn",N,N,"",2,509,"Poilievre","","Pierre","Conservative","Conservateur",N,Y,109
35088,"Carleton","Carleton"," 106","Goulbourn",N,N,"",2,509,"Rodgers","","Chris","Liberal","Libéral",N,N,158
35088,"Carleton","Carleton"," 107","Goulbourn",N,N,"",0,329,"Coyne","","Deborah","Green Party","Parti Vert",N,N,10
35088,"Carleton","Carleton"," 107","Goulbourn",N,N,"",0,329,"Larocque","","Kc","NDP-New Democratic Party","NPD-Nouveau Parti démocratique",N,N,8
35088,"Carleton","Carleton"," 107","Goulbourn",N,N,"",0,329,"Poilievre","","Pierre","Conservative","Conservateur",N,Y,68
35088,"Carleton","Carleton"," 107","Goulbourn",N,N,"",0,329,"Rodgers","","Chris","Liberal","Libéral",N,N,71
35088,"Carleton","Carleton"," 108","Goulbourn",N,N,"",3,333,"Coyne","","Deborah","Green Party","Parti Vert",N,N,5
35088,"Carleton","Carleton"," 108","Goulbourn",N,N,"",3,333,"Larocque","","Kc","NDP-New Democratic Party","NPD-Nouveau Parti démocratique",N,N,10
35088,"Carleton","Carleton"," 108","Goulbourn",N,N,"",3,333,"Poilievre","","Pierre","Conservative","Conservateur",N,Y,71
35088,"Carleton","Carleton"," 108","Goulbourn",N,N,"",3,333,"Rodgers","","Chris","Liberal","Libéral",N,N,110
35088,"Carleton","Carleton"," 109","Goulbourn",N,N,"",1,567,"Coyne","","Deborah","Green Party","Parti Vert",N,N,15
35088,"Carleton","Carleton"," 109","Goulbourn",N,N,"",1,567,"Larocque","","Kc","NDP-New Democratic Party","NPD-Nouveau Parti démocratique",N,N,22
35088,"Carleton","Carleton"," 109","Goulbourn",N,N,"",1,567,"Poilievre","","Pierre","Conservative","Conservateur",N,Y,124
35088,"Carleton","Carleton"," 109","Goulbourn",N,N,"",1,567,"Rodgers","","Chris","Liberal","Libéral",N,N,173
35088,"Carleton","Carleton"," 110A","Goulbourn",N,N,"",0,442,"Coyne","","Deborah","Green Party","Parti Vert",N,N,3
35088,"Carleton","Carleton"," 110A","Goulbourn",N,N,"",0,442,"Larocque","","Kc","NDP-New Democratic Party","NPD-Nouveau Parti démocratique",N,N,26
35088,"Carleton","Carleton"," 110A","Goulbourn",N,N,"",0,442,"Poilievre","","Pierre","Conservative","Conservateur",N,Y,93
35088,"Carleton","Carleton"," 110A","Goulbourn",N,N,"",0,442,"Rodgers","","Chris","Liberal","Libéral",N,N,123
35088,"Carleton","Carleton"," 110B","Goulbourn",N,N,"",3,519,"Coyne","","Deborah","Green Party","Parti Vert",N,N,10
35088,"Carleton","Carleton"," 110B","Goulbourn",N,N,"",3,519,"Larocque","","Kc","NDP-New Democratic Party","NPD-Nouveau Parti démocratique",N,N,28
35088,"Carleton","Carleton"," 110B","Goulbourn",N,N,"",3,519,"Poilievre","","Pierre","Conservative","Conservateur",N,Y,105
35088,"Carleton","Carleton"," 110B","Goulbourn",N,N,"",3,519,"Rodgers","","Chris","Liberal","Libéral",N,N,157
35088,"Carleton","Carleton"," 111","Goulbourn",N,N,"",0,437,"Coyne","","Deborah","Green Party","Parti Vert",N,N,6
35088,"Carleton","Carleton"," 111","Goulbourn",N,N,"",0,437,"Larocque","","Kc","NDP-New Democratic Party","NPD-Nouveau Parti démocratique",N,N,26
35088,"Carleton","Carleton"," 111","Goulbourn",N,N,"",0,437,"Poilievre","","Pierre","Conservative","Conservateur",N,Y,115
35088,"Carleton","Carleton"," 111","Goulbourn",N,N,"",0,437,"Rodgers","","Chris","Liberal","Libéral",N,N,113
35088,"Carleton","Carleton"," 112","Goulbourn",N,N,"",2,436,"Coyne","","Deborah","Green Party","Parti Vert",N,N,6
35088,"Carleton","Carleton"," 112","Goulbourn",N,N,"",2,436,"Larocque","","Kc","NDP-New Democratic Party","NPD-Nouveau Parti démocratique",N,N,30
35088,"Carleton","Carleton"," 112","Goulbourn",N,N,"",2,436,"Poilievre","","Pierre","Conservative","Conservateur",N,Y,107
35088,"Carleton","Carleton"," 112","Goulbourn",N,N,"",2,436,"Rodgers","","Chris","Liberal","Libéral",N,N,104
35088,"Carleton","Carleton"," 113","Goulbourn",N,N,"",0,446,"Coyne","","Deborah","Green Party","Parti Vert",N,N,5
35088,"Carleton","Carleton"," 113","Goulbourn",N,N,"",0,446,"Larocque","","Kc","NDP-New Democratic Party","NPD-Nouveau Parti démocratique",N,N,32
35088,"Carleton","Carleton"," 113","Goulbourn",N,N,"",0,446,"Poilievre","","Pierre","Conservative","Conservateur",N,Y,120
35088,"Carleton","Carleton"," 113","Goulbourn",N,N,"",0,446,"Rodgers","","Chris","Liberal","Libéral",N,N,131
35088,"Carleton","Carleton"," 114","Goulbourn",N,N,"",0,387,"Coyne","","Deborah","Green Party","Parti Vert",N,N,4
35088,"Carleton","Carleton"," 114","Goulbourn",N,N,"",0,387,"Larocque","","Kc","NDP-New Democratic Party","NPD-Nouveau Parti démocratique",N,N,14
35088,"Carleton","Carleton"," 114","Goulbourn",N,N,"",0,387,"Poilievre","","Pierre","Conservative","Conservateur",N,Y,113
35088,"Carleton","Carleton"," 114","Goulbourn",N,N,"",0,387,"Rodgers","","Chris","Liberal","Libéral",N,N,98
35088,"Carleton","Carleton"," 115","Goulbourn",N,N,"",0,352,"Coyne","","Deborah","Green Party","Parti Vert",N,N,12
35088,"Carleton","Carleton"," 115","Goulbourn",N,N,"",0,352,"Larocque","","Kc","NDP-New Democratic Party","NPD-Nouveau Parti démocratique",N,N,15
35088,"Carleton","Carleton"," 115","Goulbourn",N,N,"",0,352,"Poilievre","","Pierre","Conservative","Conservateur",N,Y,94
35088,"Carleton","Carleton"," 115","Goulbourn",N,N,"",0,352,"Rodgers","","Chris","Liberal","Libéral",N,N,90
35088,"Carleton","Carleton"," 116","Goulbourn",N,N,"",0,379,"Coyne","","Deborah","Green Party","Parti Vert",N,N,7
35088,"Carleton","Carleton"," 116","Goulbourn",N,N,"",0,379,"Larocque","","Kc","NDP-New Democratic Party","NPD-Nouveau Parti démocratique",N,N,10
35088,"Carleton","Carleton"," 116","Goulbourn",N,N,"",0,379,"Poilievre","","Pierre","Conservative","Conservateur",N,Y,101
35088,"Carleton","Carleton"," 116","Goulbourn",N,N,"",0,379,"Rodgers","","Chris","Liberal","Libéral",N,N,71
35088,"Carleton","Carleton"," 117","Goulbourn",N,N,"",0,420,"Coyne","","Deborah","Green Party","Parti Vert",N,N,8
35088,"Carleton","Carleton"," 117","Goulbourn",N,N,"",0,420,"Larocque","","Kc","NDP-New Democratic Party","NPD-Nouveau Parti démocratique",N,N,11
35088,"Carleton","Carleton"," 117","Goulbourn",N,N,"",0,420,"Poilievre","","Pierre","Conservative","Conservateur",N,Y,64
35088,"Carleton","Carleton"," 117","Goulbourn",N,N,"",0,420,"Rodgers","","Chris","Liberal","Libéral",N,N,93
35088,"Carleton","Carleton"," 118","Goulbourn",N,N,"",1,439,"Coyne","","Deborah","Green Party","Parti Vert",N,N,11
35088,"Carleton","Carleton"," 118","Goulbourn",N,N,"",1,439,"Larocque","","Kc","NDP-New Democratic Party","NPD-Nouveau Parti démocratique",N,N,5
35088,"Carleton","Carleton"," 118","Goulbourn",N,N,"",1,439,"Poilievre","","Pierre","Conservative","Conservateur",N,Y,96
35088,"Carleton","Carleton"," 118","Goulbourn",N,N,"",1,439,"Rodgers","","Chris","Liberal","Libéral",N,N,87
35088,"Carleton","Carleton"," 119","Goulbourn",N,N,"",0,504,"Coyne","","Deborah","Green Party","Parti Vert",N,N,14
35088,"Carleton","Carleton"," 119","Goulbourn",N,N,"",0,504,"Larocque","","Kc","NDP-New Democratic Party","NPD-Nouveau Parti démocratique",N,N,14
35088,"Carleton","Carleton"," 119","Goulbourn",N,N,"",0,504,"Poilievre","","Pierre","Conservative","Conservateur",N,Y,125
35088,"Carleton","Carleton"," 119","Goulbourn",N,N,"",0,504,"Rodgers","","Chris","Liberal","Libéral",N,N,149
35088,"Carleton","Carleton"," 120","Goulbourn",N,N,"",0,504,"Coyne","","Deborah","Green Party","Parti Vert",N,N,10
35088,"Carleton","Carleton"," 120","Goulbourn",N,N,"",0,504,"Larocque","","Kc","NDP-New Democratic Party","NPD-Nouveau Parti démocratique",N,N,24
35088,"Carleton","Carleton"," 120","Goulbourn",N,N,"",0,504,"Poilievre","","Pierre","Conservative","Conservateur",N,Y,129
35088,"Carleton","Carleton"," 120","Goulbourn",N,N,"",0,504,"Rodgers","","Chris","Liberal","Libéral",N,N,103
35088,"Carleton","Carleton"," 121","Goulbourn",N,N,"",0,446,"Coyne","","Deborah","Green Party","Parti Vert",N,N,11
35088,"Carleton","Carleton"," 121","Goulbourn",N,N,"",0,446,"Larocque","","Kc","NDP-New Democratic Party","NPD-Nouveau Parti démocratique",N,N,24
35088,"Carleton","Carleton"," 121","Goulbourn",N,N,"",0,446,"Poilievre","","Pierre","Conservative","Conservateur",N,Y,116
35088,"Carleton","Carleton"," 121","Goulbourn",N,N,"",0,446,"Rodgers","","Chris","Liberal","Libéral",N,N,96
35088,"Carleton","Carleton"," 122","Goulbourn",N,N,"",0,473,"Coyne","","Deborah","Green Party","Parti Vert",N,N,10
35088,"Carleton","Carleton"," 122","Goulbourn",N,N,"",0,473,"Larocque","","Kc","NDP-New Democratic Party","NPD-Nouveau Parti démocratique",N,N,15
35088,"Carleton","Carleton"," 122","Goulbourn",N,N,"",0,473,"Poilievre","","Pierre","Conservative","Conservateur",N,Y,121
35088,"Carleton","Carleton"," 122","Goulbourn",N,N,"",0,473,"Rodgers","","Chris","Liberal","Libéral",N,N,134
35088,"Carleton","Carleton"," 123","Goulbourn",N,N,"",0,514,"Coyne","","Deborah","Green Party","Parti Vert",N,N,13
35088,"Carleton","Carleton"," 123","Goulbourn",N,N,"",0,514,"Larocque","","Kc","NDP-New Democratic Party","NPD-Nouveau Parti démocratique",N,N,17
35088,"Carleton","Carleton"," 123","Goulbourn",N,N,"",0,514,"Poilievre","","Pierre","Conservative","Conservateur",N,Y,131
35088,"Carleton","Carleton"," 123","Goulbourn",N,N,"",0,514,"Rodgers","","Chris","Liberal","Libéral",N,N,128
35088,"Carleton","Carleton"," 124","Goulbourn",N,N,"",0,542,"Coyne","","Deborah","Green Party","Parti Vert",N,N,12
35088,"Carleton","Carleton"," 124","Goulbourn",N,N,"",0,542,"Larocque","","Kc","NDP-New Democratic Party","NPD-Nouveau Parti démocratique",N,N,22
35088,"Carleton","Carleton"," 124","Goulbourn",N,N,"",0,542,"Poilievre","","Pierre","Conservative","Conservateur",N,Y,147
35088,"Carleton","Carleton"," 124","Goulbourn",N,N,"",0,542,"Rodgers","","Chris","Liberal","Libéral",N,N,114
35088,"Carleton","Carleton"," 125","Goulbourn",N,N,"",1,291,"Coyne","","Deborah","Green Party","Parti Vert",N,N,2
35088,"Carleton","Carleton"," 125","Goulbourn",N,N,"",1,291,"Larocque","","Kc","NDP-New Democratic Party","NPD-Nouveau Parti démocratique",N,N,10
35088,"Carleton","Carleton"," 125","Goulbourn",N,N,"",1,291,"Poilievre","","Pierre","Conservative","Conservateur",N,Y,67
35088,"Carleton","Carleton"," 125","Goulbourn",N,N,"",1,291,"Rodgers","","Chris","Liberal","Libéral",N,N,74
35088,"Carleton","Carleton"," 126","West Carleton",N,N,"",0,526,"Coyne","","Deborah","Green Party","Parti Vert",N,N,13
35088,"Carleton","Carleton"," 126","West Carleton",N,N,"",0,526,"Larocque","","Kc","NDP-New Democratic Party","NPD-Nouveau Parti démocratique",N,N,24
35088,"Carleton","Carleton"," 126","West Carleton",N,N,"",0,526,"Poilievre","","Pierre","Conservative","Conservateur",N,Y,96
35088,"Carleton","Carleton"," 126","West Carleton",N,N,"",0,526,"Rodgers","","Chris","Liberal","Libéral",N,N,150
35088,"Carleton","Carleton"," 127","West Carleton",N,N,"",2,560,"Coyne","","Deborah","Green Party","Parti Vert",N,N,16
35088,"Carleton","Carleton"," 127","West Carleton",N,N,"",2,560,"Larocque","","Kc","NDP-New Democratic Party","NPD-Nouveau Parti démocratique",N,N,38
35088,"Carleton","Carleton"," 127","West Carleton",N,N,"",2,560,"Poilievre","","Pierre","Conservative","Conservateur",N,Y,122
35088,"Carleton","Carleton"," 127","West Carleton",N,N,"",2,560,"Rodgers","","Chris","Liberal","Libéral",N,N,143
35088,"Carleton","Carleton"," 128","Goulbourn",N,N,"",0,375,"Coyne","","Deborah","Green Party","Parti Vert",N,N,5
35088,"Carleton","Carleton"," 128","Goulbourn",N,N,"",0,375,"Larocque","","Kc","NDP-New Democratic Party","NPD-Nouveau Parti démocratique",N,N,13
35088,"Carleton","Carleton"," 128","Goulbourn",N,N,"",0,375,"Poilievre","","Pierre","Conservative","Conservateur",N,Y,97
35088,"Carleton","Carleton"," 128","Goulbourn",N,N,"",0,375,"Rodgers","","Chris","Liberal","Libéral",N,N,102
35088,"Carleton","Carleton"," 129","Goulbourn",N,N,"",0,348,"Coyne","","Deborah","Green Party","Parti Vert",N,N,5
35088,"Carleton","Carleton"," 129","Goulbourn",N,N,"",0,348,"Larocque","","Kc","NDP-New Democratic Party","NPD-Nouveau Parti démocratique",N,N,18
35088,"Carleton","Carleton"," 129","Goulbourn",N,N,"",0,348,"Poilievre","","Pierre","Conservative","Conservateur",N,Y,84
35088,"Carleton","Carleton"," 129","Goulbourn",N,N,"",0,348,"Rodgers","","Chris","Liberal","Libéral",N,N,113
35088,"Carleton","Carleton"," 130","Goulbourn",N,N,"",1,315,"Coyne","","Deborah","Green Party","Parti Vert",N,N,9
35088,"Carleton","Carleton"," 130","Goulbourn",N,N,"",1,315,"Larocque","","Kc","NDP-New Democratic Party","NPD-Nouveau Parti démocratique",N,N,15
35088,"Carleton","Carleton"," 130","Goulbourn",N,N,"",1,315,"Poilievre","","Pierre","Conservative","Conservateur",N,Y,78
35088,"Carleton","Carleton"," 130","Goulbourn",N,N,"",1,315,"Rodgers","","Chris","Liberal","Libéral",N,N,83
35088,"Carleton","Carleton"," 131","Goulbourn",N,N,"",0,431,"Coyne","","Deborah","Green Party","Parti Vert",N,N,5
35088,"Carleton","Carleton"," 131","Goulbourn",N,N,"",0,431,"Larocque","","Kc","NDP-New Democratic Party","NPD-Nouveau Parti démocratique",N,N,13
35088,"Carleton","Carleton"," 131","Goulbourn",N,N,"",0,431,"Poilievre","","Pierre","Conservative","Conservateur",N,Y,119
35088,"Carleton","Carleton"," 131","Goulbourn",N,N,"",0,431,"Rodgers","","Chris","Liberal","Libéral",N,N,116
35088,"Carleton","Carleton"," 132","Goulbourn",N,N,"",1,420,"Coyne","","Deborah","Green Party","Parti Vert",N,N,7
35088,"Carleton","Carleton"," 132","Goulbourn",N,N,"",1,420,"Larocque","","Kc","NDP-New Democratic Party","NPD-Nouveau Parti démocratique",N,N,25
35088,"Carleton","Carleton"," 132","Goulbourn",N,N,"",1,420,"Poilievre","","Pierre","Conservative","Conservateur",N,Y,138
35088,"Carleton","Carleton"," 132","Goulbourn",N,N,"",1,420,"Rodgers","","Chris","Liberal","Libéral",N,N,106
35088,"Carleton","Carleton"," 133","Goulbourn",N,N,"",0,422,"Coyne","","Deborah","Green Party","Parti Vert",N,N,3
35088,"Carleton","Carleton"," 133","Goulbourn",N,N,"",0,422,"Larocque","","Kc","NDP-New Democratic Party","NPD-Nouveau Parti démocratique",N,N,15
35088,"Carleton","Carleton"," 133","Goulbourn",N,N,"",0,422,"Poilievre","","Pierre","Conservative","Conservateur",N,Y,115
35088,"Carleton","Carleton"," 133","Goulbourn",N,N,"",0,422,"Rodgers","","Chris","Liberal","Libéral",N,N,109
35088,"Carleton","Carleton"," 134","Goulbourn",N,N,"",0,484,"Coyne","","Deborah","Green Party","Parti Vert",N,N,10
35088,"Carleton","Carleton"," 134","Goulbourn",N,N,"",0,484,"Larocque","","Kc","NDP-New Democratic Party","NPD-Nouveau Parti démocratique",N,N,11
35088,"Carleton","Carleton"," 134","Goulbourn",N,N,"",0,484,"Poilievre","","Pierre","Conservative","Conservateur",N,Y,146
35088,"Carleton","Carleton"," 134","Goulbourn",N,N,"",0,484,"Rodgers","","Chris","Liberal","Libéral",N,N,101
35088,"Carleton","Carleton"," 135","Goulbourn",N,N,"",0,466,"Coyne","","Deborah","Green Party","Parti Vert",N,N,11
35088,"Carleton","Carleton"," 135","Goulbourn",N,N,"",0,466,"Larocque","","Kc","NDP-New Democratic Party","NPD-Nouveau Parti démocratique",N,N,17
35088,"Carleton","Carleton"," 135","Goulbourn",N,N,"",0,466,"Poilievre","","Pierre","Conservative","Conservateur",N,Y,110
35088,"Carleton","Carleton"," 135","Goulbourn",N,N,"",0,466,"Rodgers","","Chris","Liberal","Libéral",N,N,124
35088,"Carleton","Carleton"," 136","Goulbourn",N,N,"",0,428,"Coyne","","Deborah","Green Party","Parti Vert",N,N,10
35088,"Carleton","Carleton"," 136","Goulbourn",N,N,"",0,428,"Larocque","","Kc","NDP-New Democratic Party","NPD-Nouveau Parti démocratique",N,N,10
35088,"Carleton","Carleton"," 136","Goulbourn",N,N,"",0,428,"Poilievre","","Pierre","Conservative","Conservateur",N,Y,131
35088,"Carleton","Carleton"," 136","Goulbourn",N,N,"",0,428,"Rodgers","","Chris","Liberal","Libéral",N,N,102
35088,"Carleton","Carleton"," 137","Goulbourn",N,N,"",0,242,"Coyne","","Deborah","Green Party","Parti Vert",N,N,9
35088,"Carleton","Carleton"," 137","Goulbourn",N,N,"",0,242,"Larocque","","Kc","NDP-New Democratic Party","NPD-Nouveau Parti démocratique",N,N,12
35088,"Carleton","Carleton"," 137","Goulbourn",N,N,"",0,242,"Poilievre","","Pierre","Conservative","Conservateur",N,Y,65
35088,"Carleton","Carleton"," 137","Goulbourn",N,N,"",0,242,"Rodgers","","Chris","Liberal","Libéral",N,N,51
35088,"Carleton","Carleton"," 138","Goulbourn",N,N,"",1,345,"Coyne","","Deborah","Green Party","Parti Vert",N,N,11
35088,"Carleton","Carleton"," 138","Goulbourn",N,N,"",1,345,"Larocque","","Kc","NDP-New Democratic Party","NPD-Nouveau Parti démocratique",N,N,25
35088,"Carleton","Carleton"," 138","Goulbourn",N,N,"",1,345,"Poilievre","","Pierre","Conservative","Conservateur",N,Y,105
35088,"Carleton","Carleton"," 138","Goulbourn",N,N,"",1,345,"Rodgers","","Chris","Liberal","Libéral",N,N,67
35088,"Carleton","Carleton"," 139","Goulbourn",N,N,"",1,376,"Coyne","","Deborah","Green Party","Parti Vert",N,N,13
35088,"Carleton","Carleton"," 139","Goulbourn",N,N,"",1,376,"Larocque","","Kc","NDP-New Democratic Party","NPD-Nouveau Parti démocratique",N,N,18
35088,"Carleton","Carleton"," 139","Goulbourn",N,N,"",1,376,"Poilievre","","Pierre","Conservative","Conservateur",N,Y,83
35088,"Carleton","Carleton"," 139","Goulbourn",N,N,"",1,376,"Rodgers","","Chris","Liberal","Libéral",N,N,89
35088,"Carleton","Carleton"," 140","Goulbourn",N,N,"",2,363,"Coyne","","Deborah","Green Party","Parti Vert",N,N,7
35088,"Carleton","Carleton"," 140","Goulbourn",N,N,"",2,363,"Larocque","","Kc","NDP-New Democratic Party","NPD-Nouveau Parti démocratique",N,N,17
35088,"Carleton","Carleton"," 140","Goulbourn",N,N,"",2,363,"Poilievre","","Pierre","Conservative","Conservateur",N,Y,102
35088,"Carleton","Carleton"," 140","Goulbourn",N,N,"",2,363,"Rodgers","","Chris","Liberal","Libéral",N,N,96
35088,"Carleton","Carleton"," 141","Goulbourn",N,N,"",0,417,"Coyne","","Deborah","Green Party","Parti Vert",N,N,12
35088,"Carleton","Carleton"," 141","Goulbourn",N,N,"",0,417,"Larocque","","Kc","NDP-New Democratic Party","NPD-Nouveau Parti démocratique",N,N,18
35088,"Carleton","Carleton"," 141","Goulbourn",N,N,"",0,417,"Poilievre","","Pierre","Conservative","Conservateur",N,Y,104
35088,"Carleton","Carleton"," 141","Goulbourn",N,N,"",0,417,"Rodgers","","Chris","Liberal","Libéral",N,N,95
35088,"Carleton","Carleton"," 142","Goulbourn",N,N,"",0,329,"Coyne","","Deborah","Green Party","Parti Vert",N,N,10
35088,"Carleton","Carleton"," 142","Goulbourn",N,N,"",0,329,"Larocque","","Kc","NDP-New Democratic Party","NPD-Nouveau Parti démocratique",N,N,12
35088,"Carleton","Carleton"," 142","Goulbourn",N,N,"",0,329,"Poilievre","","Pierre","Conservative","Conservateur",N,Y,86
35088,"Carleton","Carleton"," 142","Goulbourn",N,N,"",0,329,"Rodgers","","Chris","Liberal","Libéral",N,N,79
35088,"Carleton","Carleton"," 143","Goulbourn",N,N,"",0,365,"Coyne","","Deborah","Green Party","Parti Vert",N,N,15
35088,"Carleton","Carleton"," 143","Goulbourn",N,N,"",0,365,"Larocque","","Kc","NDP-New Democratic Party","NPD-Nouveau Parti démocratique",N,N,29
35088,"Carleton","Carleton"," 143","Goulbourn",N,N,"",0,365,"Poilievre","","Pierre","Conservative","Conservateur",N,Y,81
35088,"Carleton","Carleton"," 143","Goulbourn",N,N,"",0,365,"Rodgers","","Chris","Liberal","Libéral",N,N,106
35088,"Carleton","Carleton"," 144","Goulbourn",N,N,"",0,350,"Coyne","","Deborah","Green Party","Parti Vert",N,N,10
35088,"Carleton","Carleton"," 144","Goulbourn",N,N,"",0,350,"Larocque","","Kc","NDP-New Democratic Party","NPD-Nouveau Parti démocratique",N,N,13
35088,"Carleton","Carleton"," 144","Goulbourn",N,N,"",0,350,"Poilievre","","Pierre","Conservative","Conservateur",N,Y,86
35088,"Carleton","Carleton"," 144","Goulbourn",N,N,"",0,350,"Rodgers","","Chris","Liberal","Libéral",N,N,95
35088,"Carleton","Carleton"," 145","Goulbourn",N,N,"",0,422,"Coyne","","Deborah","Green Party","Parti Vert",N,N,11
35088,"Carleton","Carleton"," 145","Goulbourn",N,N,"",0,422,"Larocque","","Kc","NDP-New Democratic Party","NPD-Nouveau Parti démocratique",N,N,25
35088,"Carleton","Carleton"," 145","Goulbourn",N,N,"",0,422,"Poilievre","","Pierre","Conservative","Conservateur",N,Y,100
35088,"Carleton","Carleton"," 145","Goulbourn",N,N,"",0,422,"Rodgers","","Chris","Liberal","Libéral",N,N,135
35088,"Carleton","Carleton"," 146","Goulbourn",N,N,"",0,287,"Coyne","","Deborah","Green Party","Parti Vert",N,N,4
35088,"Carleton","Carleton"," 146","Goulbourn",N,N,"",0,287,"Larocque","","Kc","NDP-New Democratic Party","NPD-Nouveau Parti démocratique",N,N,4
35088,"Carleton","Carleton"," 146","Goulbourn",N,N,"",0,287,"Poilievre","","Pierre","Conservative","Conservateur",N,Y,73
35088,"Carleton","Carleton"," 146","Goulbourn",N,N,"",0,287,"Rodgers","","Chris","Liberal","Libéral",N,N,43
35088,"Carleton","Carleton"," 147","Goulbourn",N,N,"",0,353,"Coyne","","Deborah","Green Party","Parti Vert",N,N,4
35088,"Carleton","Carleton"," 147","Goulbourn",N,N,"",0,353,"Larocque","","Kc","NDP-New Democratic Party","NPD-Nouveau Parti démocratique",N,N,8
35088,"Carleton","Carleton"," 147","Goulbourn",N,N,"",0,353,"Poilievre","","Pierre","Conservative","Conservateur",N,Y,91
35088,"Carleton","Carleton"," 147","Goulbourn",N,N,"",0,353,"Rodgers","","Chris","Liberal","Libéral",N,N,79
35088,"Carleton","Carleton"," 148","Goulbourn",N,N,"",0,442,"Coyne","","Deborah","Green Party","Parti Vert",N,N,6
35088,"Carleton","Carleton"," 148","Goulbourn",N,N,"",0,442,"Larocque","","Kc","NDP-New Democratic Party","NPD-Nouveau Parti démocratique",N,N,13
35088,"Carleton","Carleton"," 148","Goulbourn",N,N,"",0,442,"Poilievre","","Pierre","Conservative","Conservateur",N,Y,107
35088,"Carleton","Carleton"," 148","Goulbourn",N,N,"",0,442,"Rodgers","","Chris","Liberal","Libéral",N,N,110
35088,"Carleton","Carleton"," 149","Goulbourn",N,N,"",2,559,"Coyne","","Deborah","Green Party","Parti Vert",N,N,8
35088,"Carleton","Carleton"," 149","Goulbourn",N,N,"",2,559,"Larocque","","Kc","NDP-New Democratic Party","NPD-Nouveau Parti démocratique",N,N,12
35088,"Carleton","Carleton"," 149","Goulbourn",N,N,"",2,559,"Poilievre","","Pierre","Conservative","Conservateur",N,Y,132
35088,"Carleton","Carleton"," 149","Goulbourn",N,N,"",2,559,"Rodgers","","Chris","Liberal","Libéral",N,N,154
35088,"Carleton","Carleton"," 150","Goulbourn",N,N,"",0,477,"Coyne","","Deborah","Green Party","Parti Vert",N,N,9
35088,"Carleton","Carleton"," 150","Goulbourn",N,N,"",0,477,"Larocque","","Kc","NDP-New Democratic Party","NPD-Nouveau Parti démocratique",N,N,18
35088,"Carleton","Carleton"," 150","Goulbourn",N,N,"",0,477,"Poilievre","","Pierre","Conservative","Conservateur",N,Y,143
35088,"Carleton","Carleton"," 150","Goulbourn",N,N,"",0,477,"Rodgers","","Chris","Liberal","Libéral",N,N,124
35088,"Carleton","Carleton"," 151","Goulbourn",N,N,"",0,351,"Coyne","","Deborah","Green Party","Parti Vert",N,N,8
35088,"Carleton","Carleton"," 151","Goulbourn",N,N,"",0,351,"Larocque","","Kc","NDP-New Democratic Party","NPD-Nouveau Parti démocratique",N,N,15
35088,"Carleton","Carleton"," 151","Goulbourn",N,N,"",0,351,"Poilievre","","Pierre","Conservative","Conservateur",N,Y,90
35088,"Carleton","Carleton"," 151","Goulbourn",N,N,"",0,351,"Rodgers","","Chris","Liberal","Libéral",N,N,103
35088,"Carleton","Carleton"," 152","Goulbourn",N,N,"",0,308,"Coyne","","Deborah","Green Party","Parti Vert",N,N,8
35088,"Carleton","Carleton"," 152","Goulbourn",N,N,"",0,308,"Larocque","","Kc","NDP-New Democratic Party","NPD-Nouveau Parti démocratique",N,N,8
35088,"Carleton","Carleton"," 152","Goulbourn",N,N,"",0,308,"Poilievre","","Pierre","Conservative","Conservateur",N,Y,114
35088,"Carleton","Carleton"," 152","Goulbourn",N,N,"",0,308,"Rodgers","","Chris","Liberal","Libéral",N,N,58
35088,"Carleton","Carleton"," 153","Goulbourn",N,N,"",0,323,"Coyne","","Deborah","Green Party","Parti Vert",N,N,11
35088,"Carleton","Carleton"," 153","Goulbourn",N,N,"",0,323,"Larocque","","Kc","NDP-New Democratic Party","NPD-Nouveau Parti démocratique",N,N,16
35088,"Carleton","Carleton"," 153","Goulbourn",N,N,"",0,323,"Poilievre","","Pierre","Conservative","Conservateur",N,Y,129
35088,"Carleton","Carleton"," 153","Goulbourn",N,N,"",0,323,"Rodgers","","Chris","Liberal","Libéral",N,N,68
35088,"Carleton","Carleton"," 154","Goulbourn",N,N,"",0,345,"Coyne","","Deborah","Green Party","Parti Vert",N,N,17
35088,"Carleton","Carleton"," 154","Goulbourn",N,N,"",0,345,"Larocque","","Kc","NDP-New Democratic Party","NPD-Nouveau Parti démocratique",N,N,16
35088,"Carleton","Carleton"," 154","Goulbourn",N,N,"",0,345,"Poilievre","","Pierre","Conservative","Conservateur",N,Y,128
35088,"Carleton","Carleton"," 154","Goulbourn",N,N,"",0,345,"Rodgers","","Chris","Liberal","Libéral",N,N,89
35088,"Carleton","Carleton"," 155","Goulbourn",N,N,"",0,375,"Coyne","","Deborah","Green Party","Parti Vert",N,N,14
35088,"Carleton","Carleton"," 155","Goulbourn",N,N,"",0,375,"Larocque","","Kc","NDP-New Democratic Party","NPD-Nouveau Parti démocratique",N,N,12
35088,"Carleton","Carleton"," 155","Goulbourn",N,N,"",0,375,"Poilievre","","Pierre","Conservative","Conservateur",N,Y,141
35088,"Carleton","Carleton"," 155","Goulbourn",N,N,"",0,375,"Rodgers","","Chris","Liberal","Libéral",N,N,68
35088,"Carleton","Carleton"," 156","Goulbourn",N,N,"",2,423,"Coyne","","Deborah","Green Party","Parti Vert",N,N,13
35088,"Carleton","Carleton"," 156","Goulbourn",N,N,"",2,423,"Larocque","","Kc","NDP-New Democratic Party","NPD-Nouveau Parti démocratique",N,N,20
35088,"Carleton","Carleton"," 156","Goulbourn",N,N,"",2,423,"Poilievre","","Pierre","Conservative","Conservateur",N,Y,172
35088,"Carleton","Carleton"," 156","Goulbourn",N,N,"",2,423,"Rodgers","","Chris","Liberal","Libéral",N,N,114
35088,"Carleton","Carleton"," 157","Goulbourn",N,N,"",0,456,"Coyne","","Deborah","Green Party","Parti Vert",N,N,5
35088,"Carleton","Carleton"," 157","Goulbourn",N,N,"",0,456,"Larocque","","Kc","NDP-New Democratic Party","NPD-Nouveau Parti démocratique",N,N,24
35088,"Carleton","Carleton"," 157","Goulbourn",N,N,"",0,456,"Poilievre","","Pierre","Conservative","Conservateur",N,Y,190
35088,"Carleton","Carleton"," 157","Goulbourn",N,N,"",0,456,"Rodgers","","Chris","Liberal","Libéral",N,N,106
35088,"Carleton","Carleton"," 158","Goulbourn",N,N,"",1,408,"Coyne","","Deborah","Green Party","Parti Vert",N,N,15
35088,"Carleton","Carleton"," 158","Goulbourn",N,N,"",1,408,"Larocque","","Kc","NDP-New Democratic Party","NPD-Nouveau Parti démocratique",N,N,17
35088,"Carleton","Carleton"," 158","Goulbourn",N,N,"",1,408,"Poilievre","","Pierre","Conservative","Conservateur",N,Y,162
35088,"Carleton","Carleton"," 158","Goulbourn",N,N,"",1,408,"Rodgers","","Chris","Liberal","Libéral",N,N,63
35088,"Carleton","Carleton"," 159","Rideau",N,N,"",0,386,"Coyne","","Deborah","Green Party","Parti Vert",N,N,8
35088,"Carleton","Carleton"," 159","Rideau",N,N,"",0,386,"Larocque","","Kc","NDP-New Democratic Party","NPD-Nouveau Parti démocratique",N,N,8
35088,"Carleton","Carleton"," 159","Rideau",N,N,"",0,386,"Poilievre","","Pierre","Conservative","Conservateur",N,Y,144
35088,"Carleton","Carleton"," 159","Rideau",N,N,"",0,386,"Rodgers","","Chris","Liberal","Libéral",N,N,71
35088,"Carleton","Carleton"," 160","Rideau",N,N,"",0,467,"Coyne","","Deborah","Green Party","Parti Vert",N,N,10
35088,"Carleton","Carleton"," 160","Rideau",N,N,"",0,467,"Larocque","","Kc","NDP-New Democratic Party","NPD-Nouveau Parti démocratique",N,N,10
35088,"Carleton","Carleton"," 160","Rideau",N,N,"",0,467,"Poilievre","","Pierre","Conservative","Conservateur",N,Y,92
35088,"Carleton","Carleton"," 160","Rideau",N,N,"",0,467,"Rodgers","","Chris","Liberal","Libéral",N,N,59
35088,"Carleton","Carleton"," 161","Rideau",N,N,"",1,363,"Coyne","","Deborah","Green Party","Parti Vert",N,N,14
35088,"Carleton","Carleton"," 161","Rideau",N,N,"",1,363,"Larocque","","Kc","NDP-New Democratic Party","NPD-Nouveau Parti démocratique",N,N,11
35088,"Carleton","Carleton"," 161","Rideau",N,N,"",1,363,"Poilievre","","Pierre","Conservative","Conservateur",N,Y,123
35088,"Carleton","Carleton"," 161","Rideau",N,N,"",1,363,"Rodgers","","Chris","Liberal","Libéral",N,N,74
35088,"Carleton","Carleton"," 162","Rideau",N,N,"",1,383,"Coyne","","Deborah","Green Party","Parti Vert",N,N,6
35088,"Carleton","Carleton"," 162","Rideau",N,N,"",1,383,"Larocque","","Kc","NDP-New Democratic Party","NPD-Nouveau Parti démocratique",N,N,21
35088,"Carleton","Carleton"," 162","Rideau",N,N,"",1,383,"Poilievre","","Pierre","Conservative","Conservateur",N,Y,128
35088,"Carleton","Carleton"," 162","Rideau",N,N,"",1,383,"Rodgers","","Chris","Liberal","Libéral",N,N,94
35088,"Carleton","Carleton"," 163","Rideau",N,N,"",0,328,"Coyne","","Deborah","Green Party","Parti Vert",N,N,3
35088,"Carleton","Carleton"," 163","Rideau",N,N,"",0,328,"Larocque","","Kc","NDP-New Democratic Party","NPD-Nouveau Parti démocratique",N,N,9
35088,"Carleton","Carleton"," 163","Rideau",N,N,"",0,328,"Poilievre","","Pierre","Conservative","Conservateur",N,Y,109
35088,"Carleton","Carleton"," 163","Rideau",N,N,"",0,328,"Rodgers","","Chris","Liberal","Libéral",N,N,53
35088,"Carleton","Carleton"," 164","Rideau",N,N,"",0,349,"Coyne","","Deborah","Green Party","Parti Vert",N,N,6
35088,"Carleton","Carleton"," 164","Rideau",N,N,"",0,349,"Larocque","","Kc","NDP-New Democratic Party","NPD-Nouveau Parti démocratique",N,N,11
35088,"Carleton","Carleton"," 164","Rideau",N,N,"",0,349,"Poilievre","","Pierre","Conservative","Conservateur",N,Y,86
35088,"Carleton","Carleton"," 164","Rideau",N,N,"",0,349,"Rodgers","","Chris","Liberal","Libéral",N,N,106
35088,"Carleton","Carleton"," 165","Rideau",N,N,"",1,411,"Coyne","","Deborah","Green Party","Parti Vert",N,N,4
35088,"Carleton","Carleton"," 165","Rideau",N,N,"",1,411,"Larocque","","Kc","NDP-New Democratic Party","NPD-Nouveau Parti démocratique",N,N,15
35088,"Carleton","Carleton"," 165","Rideau",N,N,"",1,411,"Poilievre","","Pierre","Conservative","Conservateur",N,Y,138
35088,"Carleton","Carleton"," 165","Rideau",N,N,"",1,411,"Rodgers","","Chris","Liberal","Libéral",N,N,72
35088,"Carleton","Carleton"," 166","Rideau",N,N,"",0,387,"Coyne","","Deborah","Green Party","Parti Vert",N,N,6
35088,"Carleton","Carleton"," 166","Rideau",N,N,"",0,387,"Larocque","","Kc","NDP-New Democratic Party","NPD-Nouveau Parti démocratique",N,N,11
35088,"Carleton","Carleton"," 166","Rideau",N,N,"",0,387,"Poilievre","","Pierre","Conservative","Conservateur",N,Y,131
35088,"Carleton","Carleton"," 166","Rideau",N,N,"",0,387,"Rodgers","","Chris","Liberal","Libéral",N,N,73
35088,"Carleton","Carleton"," 167","Rideau",N,N,"",1,421,"Coyne","","Deborah","Green Party","Parti Vert",N,N,4
35088,"Carleton","Carleton"," 167","Rideau",N,N,"",1,421,"Larocque","","Kc","NDP-New Democratic Party","NPD-Nouveau Parti démocratique",N,N,14
35088,"Carleton","Carleton"," 167","Rideau",N,N,"",1,421,"Poilievre","","Pierre","Conservative","Conservateur",N,Y,147
35088,"Carleton","Carleton"," 167","Rideau",N,N,"",1,421,"Rodgers","","Chris","Liberal","Libéral",N,N,92
35088,"Carleton","Carleton"," 168","Rideau",N,N,"",0,438,"Coyne","","Deborah","Green Party","Parti Vert",N,N,9
35088,"Carleton","Carleton"," 168","Rideau",N,N,"",0,438,"Larocque","","Kc","NDP-New Democratic Party","NPD-Nouveau Parti démocratique",N,N,11
35088,"Carleton","Carleton"," 168","Rideau",N,N,"",0,438,"Poilievre","","Pierre","Conservative","Conservateur",N,Y,129
35088,"Carleton","Carleton"," 168","Rideau",N,N,"",0,438,"Rodgers","","Chris","Liberal","Libéral",N,N,90
35088,"Carleton","Carleton"," 169","Goulbourn",N,N,"",1,378,"Coyne","","Deborah","Green Party","Parti Vert",N,N,9
35088,"Carleton","Carleton"," 169","Goulbourn",N,N,"",1,378,"Larocque","","Kc","NDP-New Democratic Party","NPD-Nouveau Parti démocratique",N,N,13
35088,"Carleton","Carleton"," 169","Goulbourn",N,N,"",1,378,"Poilievre","","Pierre","Conservative","Conservateur",N,Y,107
35088,"Carleton","Carleton"," 169","Goulbourn",N,N,"",1,378,"Rodgers","","Chris","Liberal","Libéral",N,N,89
35088,"Carleton","Carleton"," 170","Goulbourn",N,N,"",1,441,"Coyne","","Deborah","Green Party","Parti Vert",N,N,19
35088,"Carleton","Carleton"," 170","Goulbourn",N,N,"",1,441,"Larocque","","Kc","NDP-New Democratic Party","NPD-Nouveau Parti démocratique",N,N,15
35088,"Carleton","Carleton"," 170","Goulbourn",N,N,"",1,441,"Poilievre","","Pierre","Conservative","Conservateur",N,Y,136
35088,"Carleton","Carleton"," 170","Goulbourn",N,N,"",1,441,"Rodgers","","Chris","Liberal","Libéral",N,N,98
35088,"Carleton","Carleton"," 171","Goulbourn",N,N,"",0,382,"Coyne","","Deborah","Green Party","Parti Vert",N,N,17
35088,"Carleton","Carleton"," 171","Goulbourn",N,N,"",0,382,"Larocque","","Kc","NDP-New Democratic Party","NPD-Nouveau Parti démocratique",N,N,14
35088,"Carleton","Carleton"," 171","Goulbourn",N,N,"",0,382,"Poilievre","","Pierre","Conservative","Conservateur",N,Y,102
35088,"Carleton","Carleton"," 171","Goulbourn",N,N,"",0,382,"Rodgers","","Chris","Liberal","Libéral",N,N,89
35088,"Carleton","Carleton"," 172","Goulbourn",N,N,"",0,469,"Coyne","","Deborah","Green Party","Parti Vert",N,N,6
35088,"Carleton","Carleton"," 172","Goulbourn",N,N,"",0,469,"Larocque","","Kc","NDP-New Democratic Party","NPD-Nouveau Parti démocratique",N,N,17
35088,"Carleton","Carleton"," 172","Goulbourn",N,N,"",0,469,"Poilievre","","Pierre","Conservative","Conservateur",N,Y,126
35088,"Carleton","Carleton"," 172","Goulbourn",N,N,"",0,469,"Rodgers","","Chris","Liberal","Libéral",N,N,90
35088,"Carleton","Carleton"," 173","Goulbourn",N,N,"",0,367,"Coyne","","Deborah","Green Party","Parti Vert",N,N,15
35088,"Carleton","Carleton"," 173","Goulbourn",N,N,"",0,367,"Larocque","","Kc","NDP-New Democratic Party","NPD-Nouveau Parti démocratique",N,N,10
35088,"Carleton","Carleton"," 173","Goulbourn",N,N,"",0,367,"Poilievre","","Pierre","Conservative","Conservateur",N,Y,93
35088,"Carleton","Carleton"," 173","Goulbourn",N,N,"",0,367,"Rodgers","","Chris","Liberal","Libéral",N,N,58
35088,"Carleton","Carleton"," 400","Osgoode",N,N,"",0,99,"Coyne","","Deborah","Green Party","Parti Vert",N,N,7
35088,"Carleton","Carleton"," 400","Osgoode",N,N,"",0,99,"Larocque","","Kc","NDP-New Democratic Party","NPD-Nouveau Parti démocratique",N,N,3
35088,"Carleton","Carleton"," 400","Osgoode",N,N,"",0,99,"Poilievre","","Pierre","Conservative","Conservateur",N,Y,59
35088,"Carleton","Carleton"," 400","Osgoode",N,N,"",0,99,"Rodgers","","Chris","Liberal","Libéral",N,N,38
35088,"Carleton","Carleton"," 500","Mobile poll/Bureau itinérant",N,N,"",1,131,"Coyne","","Deborah","Green Party","Parti Vert",N,N,1
35088,"Carleton","Carleton"," 500","Mobile poll/Bureau itinérant",N,N,"",1,131,"Larocque","","Kc","NDP-New Democratic Party","NPD-Nouveau Parti démocratique",N,N,4
35088,"Carleton","Carleton"," 500","Mobile poll/Bureau itinérant",N,N,"",1,131,"Poilievre","","Pierre","Conservative","Conservateur",N,Y,61
35088,"Carleton","Carleton"," 500","Mobile poll/Bureau itinérant",N,N,"",1,131,"Rodgers","","Chris","Liberal","Libéral",N,N,20
35088,"Carleton","Carleton"," 501","Mobile poll/Bureau itinérant",N,N,"",0,209,"Coyne","","Deborah","Green Party","Parti Vert",N,N,5
35088,"Carleton","Carleton"," 501","Mobile poll/Bureau itinérant",N,N,"",0,209,"Larocque","","Kc","NDP-New Democratic Party","NPD-Nouveau Parti démocratique",N,N,6
35088,"Carleton","Carleton"," 501","Mobile poll/Bureau itinérant",N,N,"",0,209,"Poilievre","","Pierre","Conservative","Conservateur",N,Y,57
35088,"Carleton","Carleton"," 501","Mobile poll/Bureau itinérant",N,N,"",0,209,"Rodgers","","Chris","Liberal","Libéral",N,N,37
35088,"Carleton","Carleton"," 502","Mobile poll/Bureau itinérant",N,N,"",1,139,"Coyne","","Deborah","Green Party","Parti Vert",N,N,1
35088,"Carleton","Carleton"," 502","Mobile poll/Bureau itinérant",N,N,"",1,139,"Larocque","","Kc","NDP-New Democratic Party","NPD-Nouveau Parti démocratique",N,N,6
35088,"Carleton","Carleton"," 502","Mobile poll/Bureau itinérant",N,N,"",1,139,"Poilievre","","Pierre","Conservative","Conservateur",N,Y,75
35088,"Carleton","Carleton"," 502","Mobile poll/Bureau itinérant",N,N,"",1,139,"Rodgers","","Chris","Liberal","Libéral",N,N,37
35088,"Carleton","Carleton"," 503","Mobile poll/Bureau itinérant",N,N,"",3,101,"Coyne","","Deborah","Green Party","Parti Vert",N,N,4
35088,"Carleton","Carleton"," 503","Mobile poll/Bureau itinérant",N,N,"",3,101,"Larocque","","Kc","NDP-New Democratic Party","NPD-Nouveau Parti démocratique",N,N,5
35088,"Carleton","Carleton"," 503","Mobile poll/Bureau itinérant",N,N,"",3,101,"Poilievre","","Pierre","Conservative","Conservateur",N,Y,49
35088,"Carleton","Carleton"," 503","Mobile poll/Bureau itinérant",N,N,"",3,101,"Rodgers","","Chris","Liberal","Libéral",N,N,20
35088,"Carleton","Carleton"," 600","Gloucester",N,N,"",7,0,"Coyne","","Deborah","Green Party","Parti Vert",N,N,30
35088,"Carleton","Carleton"," 600","Gloucester",N,N,"",7,0,"Larocque","","Kc","NDP-New Democratic Party","NPD-Nouveau Parti démocratique",N,N,94
35088,"Carleton","Carleton"," 600","Gloucester",N,N,"",7,0,"Poilievre","","Pierre","Conservative","Conservateur",N,Y,582
35088,"Carleton","Carleton"," 600","Gloucester",N,N,"",7,0,"Rodgers","","Chris","Liberal","Libéral",N,N,823
35088,"Carleton","Carleton"," 601","Osgoode",N,N,"",8,0,"Coyne","","Deborah","Green Party","Parti Vert",N,N,44
35088,"Carleton","Carleton"," 601","Osgoode",N,N,"",8,0,"Larocque","","Kc","NDP-New Democratic Party","NPD-Nouveau Parti démocratique",N,N,80
35088,"Carleton","Carleton"," 601","Osgoode",N,N,"",8,0,"Poilievre","","Pierre","Conservative","Conservateur",N,Y,879
35088,"Carleton","Carleton"," 601","Osgoode",N,N,"",8,0,"Rodgers","","Chris","Liberal","Libéral",N,N,584
35088,"Carleton","Carleton"," 602","Ottawa",N,N,"",5,0,"Coyne","","Deborah","Green Party","Parti Vert",N,N,33
35088,"Carleton","Carleton"," 602","Ottawa",N,N,"",5,0,"Larocque","","Kc","NDP-New Democratic Party","NPD-Nouveau Parti démocratique",N,N,54
35088,"Carleton","Carleton"," 602","Ottawa",N,N,"",5,0,"Poilievre","","Pierre","Conservative","Conservateur",N,Y,581
35088,"Carleton","Carleton"," 602","Ottawa",N,N,"",5,0,"Rodgers","","Chris","Liberal","Libéral",N,N,367
35088,"Carleton","Carleton"," 603","Rideau",N,N,"",4,0,"Coyne","","Deborah","Green Party","Parti Vert",N,N,40
35088,"Carleton","Carleton"," 603","Rideau",N,N,"",4,0,"Larocque","","Kc","NDP-New Democratic Party","NPD-Nouveau Parti démocratique",N,N,40
35088,"Carleton","Carleton"," 603","Rideau",N,N,"",4,0,"Poilievre","","Pierre","Conservative","Conservateur",N,Y,594
35088,"Carleton","Carleton"," 603","Rideau",N,N,"",4,0,"Rodgers","","Chris","Liberal","Libéral",N,N,517
35088,"Carleton","Carleton"," 604","Ottawa",N,N,"",1,0,"Coyne","","Deborah","Green Party","Parti Vert",N,N,50
35088,"Carleton","Carleton"," 604","Ottawa",N,N,"",1,0,"Larocque","","Kc","NDP-New Democratic Party","NPD-Nouveau Parti démocratique",N,N,82
35088,"Carleton","Carleton"," 604","Ottawa",N,N,"",1,0,"Poilievre","","Pierre","Conservative","Conservateur",N,Y,651
35088,"Carleton","Carleton"," 604","Ottawa",N,N,"",1,0,"Rodgers","","Chris","Liberal","Libéral",N,N,729
35088,"Carleton","Carleton"," 605","Gloucester",N,N,"",3,0,"Coyne","","Deborah","Green Party","Parti Vert",N,N,31
35088,"Carleton","Carleton"," 605","Gloucester",N,N,"",3,0,"Larocque","","Kc","NDP-New Democratic Party","NPD-Nouveau Parti démocratique",N,N,99
35088,"Carleton","Carleton"," 605","Gloucester",N,N,"",3,0,"Poilievre","","Pierre","Conservative","Conservateur",N,Y,608
35088,"Carleton","Carleton"," 605","Gloucester",N,N,"",3,0,"Rodgers","","Chris","Liberal","Libéral",N,N,903
35088,"Carleton","Carleton"," 606","Goulbourn",N,N,"",2,0,"Coyne","","Deborah","Green Party","Parti Vert",N,N,42
35088,"Carleton","Carleton"," 606","Goulbourn",N,N,"",2,0,"Larocque","","Kc","NDP-New Democratic Party","NPD-Nouveau Parti démocratique",N,N,103
35088,"Carleton","Carleton"," 606","Goulbourn",N,N,"",2,0,"Poilievre","","Pierre","Conservative","Conservateur",N,Y,811
35088,"Carleton","Carleton"," 606","Goulbourn",N,N,"",2,0,"Rodgers","","Chris","Liberal","Libéral",N,N,634
35088,"Carleton","Carleton"," 607","Goulbourn",N,N,"",2,0,"Coyne","","Deborah","Green Party","Parti Vert",N,N,40
35088,"Carleton","Carleton"," 607","Goulbourn",N,N,"",2,0,"Larocque","","Kc","NDP-New Democratic Party","NPD-Nouveau Parti démocratique",N,N,79
35088,"Carleton","Carleton"," 607","Goulbourn",N,N,"",2,0,"Poilievre","","Pierre","Conservative","Conservateur",N,Y,707
35088,"Carleton","Carleton"," 607","Goulbourn",N,N,"",2,0,"Rodgers","","Chris","Liberal","Libéral",N,N,494
35088,"Carleton","Carleton"," 608","West Carleton",N,N,"",3,0,"Coyne","","Deborah","Green Party","Parti Vert",N,N,44
35088,"Carleton","Carleton"," 608","West Carleton",N,N,"",3,0,"Larocque","","Kc","NDP-New Democratic Party","NPD-Nouveau Parti démocratique",N,N,94
35088,"Carleton","Carleton"," 608","West Carleton",N,N,"",3,0,"Poilievre","","Pierre","Conservative","Conservateur",N,Y,711
35088,"Carleton","Carleton"," 608","West Carleton",N,N,"",3,0,"Rodgers","","Chris","Liberal","Libéral",N,N,566
35088,"Carleton","Carleton"," 609","Goulbourn",N,N,"",3,0,"Coyne","","Deborah","Green Party","Parti Vert",N,N,39
35088,"Carleton","Carleton"," 609","Goulbourn",N,N,"",3,0,"Larocque","","Kc","NDP-New Democratic Party","NPD-Nouveau Parti démocratique",N,N,70
35088,"Carleton","Carleton"," 609","Goulbourn",N,N,"",3,0,"Poilievre","","Pierre","Conservative","Conservateur",N,Y,741
35088,"Carleton","Carleton"," 609","Goulbourn",N,N,"",3,0,"Rodgers","","Chris","Liberal","Libéral",N,N,380
35088,"Carleton","Carleton"," 610","Ottawa",N,N,"",4,0,"Coyne","","Deborah","Green Party","Parti Vert",N,N,60
35088,"Carleton","Carleton"," 610","Ottawa",N,N,"",4,0,"Larocque","","Kc","NDP-New Democratic Party","NPD-Nouveau Parti démocratique",N,N,73
35088,"Carleton","Carleton"," 610","Ottawa",N,N,"",4,0,"Poilievre","","Pierre","Conservative","Conservateur",N,Y,784
35088,"Carleton","Carleton"," 610","Ottawa",N,N,"",4,0,"Rodgers","","Chris","Liberal","Libéral",N,N,398
35088,"Carleton","Carleton"," S/R 1","SVR Group 1/RÉS Groupe 1",N,N,"",18,155,"Coyne","","Deborah","Green Party","Parti Vert",N,N,16
35088,"Carleton","Carleton"," S/R 1","SVR Group 1/RÉS Groupe 1",N,N,"",18,155,"Larocque","","Kc","NDP-New Democratic Party","NPD-Nouveau Parti démocratique",N,N,33
35088,"Carleton","Carleton"," S/R 1","SVR Group 1/RÉS Groupe 1",N,N,"",18,155,"Poilievre","","Pierre","Conservative","Conservateur",N,Y,170
35088,"Carleton","Carleton"," S/R 1","SVR Group 1/RÉS Groupe 1",N,N,"",18,155,"Rodgers","","Chris","Liberal","Libéral",N,N,131
35088,"Carleton","Carleton"," S/R 2","SVR Group 2/RÉS Groupe 2",N,N,"",25,0,"Coyne","","Deborah","Green Party","Parti Vert",N,N,60
35088,"Carleton","Carleton"," S/R 2","SVR Group 2/RÉS Groupe 2",N,N,"",25,0,"Larocque","","Kc","NDP-New Democratic Party","NPD-Nouveau Parti démocratique",N,N,128
35088,"Carleton","Carleton"," S/R 2","SVR Group 2/RÉS Groupe 2",N,N,"",25,0,"Poilievre","","Pierre","Conservative","Conservateur",N,Y,435
35088,"Carleton","Carleton"," S/R 2","SVR Group 2/RÉS Groupe 2",N,N,"",25,0,"Rodgers","","Chris","Liberal","Libéral",N,N,584
